product_id,sku,name,packaging_type,unit_container_type
567,UL9-VB0-0X8,60/40 Methanol/ DI Water Solution - 4 x 55 Gallon Drums,Pallets_48x40,Drums
569,VUS-B85-3AR,60/40 Methanol/ DI Water Solution - 55 Gallon Drum,Pallets_48x40,Drums
573,KIQ-UUS-ZVU,60/40 Methanol/ DI Water Solution ACS Grade - 4 x 55 Gallon Drums,Pallets_48x40,Drums
575,6IH-R2Z-JSW,60/40 Methanol/ DI Water Solution ACS Grade - 55 Gallon Drum,Pallets_48x40,Drums
577,SZ2-PLT-015,75% Vinegar - 4 x 55 Gallon Drums,Pallets_48x40,Drums
579,994-DD8-EPD,75% Vinegar - 55 Gallon Drum,Pallets_48x40,Drums
581,D6U-DFH-2FD,A-A-59601E Type III - 4 x 55 Gallon Drums,Pallets_48x40,Drums
583,4R-90ZG-8I1T,A-A-59601E Type III - 55 Gallon Drum,Pallets_48x40,Drums
586,LKA-4R2-VJ0,A-A-59601E Type III - ACS Grade - 4 x 55 Gallon Drums,Pallets_48x40,Drums
587,AVU-EPK-2TD,A-A-59601E Type III - ACS Grade - 55 Gallon Drum,Pallets_48x40,Drums
592,FPA-Q4M-Y2H,Acetic Acid Glacial 99% ACS Grade - 4 x 55 Gallon Drums,Pallets_48x40,Drums
593,Z33-884-SXR,Acetic Acid Glacial 99% ACS Grade - 55 Gallon Drum,Pallets_48x40,Drums
595,56S-LK9-JVN,Acetic Acid Glacial Technical - 4 x 55 Gallon Drums,Pallets_48x40,Drums
596,N25-LJV-8RG,Acetic Acid Glacial Technical - 55 Gallon Drum,Pallets_48x40,Drums
599,9SK-K3Z-3XY,Acetone ACS Grade - 4 x 55 Gallon Drums,Pallets_48x40,Drums
601,QMY-MPD-ZCJ,Acetone ACS Reagent Grade - 55 Gallon Drum,Pallets_48x40,Drums
603,R2F-LWR-ENJ,Acetone Technical Grade - 4 x 55 Gallon Drums,Pallets_48x40,Drums
605,DYYV-FYOF-DRQP,Acetone Technical Grade - 55 Gallon Drum,Pallets_48x40,Drums
608,LQ1-LGC-YVZ,Aluminum Chloralhydrate 50% NSF Grade - 55 Gallon Drum,Pallets_48x40,Drums
609,XKH-3DM-NBX,Aluminum Chlorohydrate 50% Solution - 55 Gallon Drum,Pallets_48x40,Drums
611,EWW-B92-DYV,Aluminum Sulfate 50% - 4 x 55 Gallon Drums,Pallets_48x40,Drums
612,UIO-WOV-GIL,Aluminum Sulfate 50% Solution - 55 Gallon Drum,Pallets_48x40,Drums
613,ZG-IW2E-NDFR,Ammonium Hydroxide 29% Acs Grade  - 55 Gallon Drum,Pallets_48x40,Drums
616,FQX-B0Q-EX5,Ammonium Hydroxide 29% Technical Grade - 4 x 55 Gallon Drums,Pallets_48x40,Drums
618,FX4-2SG-A1M,Ammonium Hydroxide 29% Technical Grade - 55 Gallon Drum,Pallets_48x40,Drums
619,KAS-UQG-73Z,Ammonium Sulfate 10% - 55 Gallon Drum,Pallets_48x40,Drums
620,AE9-TDY-HJP,Amyl Acetate - 4 x 55 Gallon Drums,Pallets_48x40,Drums
622,H1Q-W24-CTW,Amyl Acetate ACS Grade - 4 x 55 Gallon Drums,Pallets_48x40,Drums
627,YC7-G9X-B92,Arctic Assist - 4 x 55 Gallon Drums,Pallets_48x40,Drums
629,JOK-UTU-HRC,Arctic Assist - 55 Gallon Drum - Dyed Inhibited Propylene Glycol,Pallets_48x40,Drums
630,86M-XZV-MTE,Arctic Assist 60% - 55 Gallon Drum,Pallets_48x40,Drums
631,K95-H8C-SPW,Battery Water - 4 x 55 Gallon Drums,Pallets_48x40,Drums
633,UNFN-MZPY-PVWF,BLEND SAN 21 - 55 Gallon Drum,Pallets_48x40,Drums
635,VS8-JUX-CE3,Blendpro - 55 Gallon Drum,Pallets_48x40,Drums
636,V2J-7KN-5N8,Chevron Capella P68 - 55 Gallon Drum,Pallets_48x40,Drums
637,41S-ABM-T1B,Chevron Superla White Oil NO. 9 - 55 Gallon Drum,Pallets_48x40,Drums
639,W65-Z86-2L9,CIMCOOL Undyed Synthetic Lubricant 2015 - 55 Gallon Drum,Pallets_48x40,Drums
640,CMK-A88-9BN,Cimtech Gallon 2015 (UNDYED) - 55 Gallon Drum,Pallets_48x40,Drums
641,V50-U6K-YZG-1,Citric Acid 25% Solution - 55 Gallon Drum,Pallets_48x40,Drums
642,WD2-QPX-HMA,Citric Acid 50% - 55 Gallon Drum,Pallets_48x40,Drums
643,  WD2-QPX-HMA,Citric Acid 50% - 55 GL Drum,Pallets_48x40,Drums
644,V50-U6K-YZG,Citric Acid 50% Solution - 55 Gallon Drum,Pallets_48x40,Drums
646,MKC-2FS-L23,COOL LUBE 926 - 55 GALLON DRUM,Pallets_48x40,Drums
648,DCH-UBW-C7U,Cyclohexanone - 4 x 55 Gallon Drums,Pallets_48x40,Drums
650,8H-5HZS-ZE3Y,Cyclohexanone - 55 Gallon Drum,Pallets_48x40,Drums
652,BLK-4DB-0L7,Cyclohexanone Technical Grade - 4 x 55 Gallon Drums,Pallets_48x40,Drums
654,E5C-87H-LJG,Cyclohexanone Technical Grade - 55 Gallon Drum,Pallets_48x40,Drums
656,65X-A2Y-9R2,Deionized Water - 4 x 55 Gallon Drums,Pallets_48x40,Drums
658,ZG-5WH8-SCOA,Deionized Water - 55 Gallon Drum,Pallets_48x40,Drums
660,XQW-UKP-EKB,Denatured Alcohol 190 Proof 3A - 4 x 55 Gallon Drums (4 Drums),Pallets_48x40,Drums
662,1Z-GL3I-LIW2,Denatured Alcohol 190 Proof 3A - 55 Gallon Drum,Pallets_48x40,Drums
664,XDD-R4X-LV9,Denatured Alcohol 190 Proof 3C - 4 x 55 Gallon Drums,Pallets_48x40,Drums
665,MC-MMGL-RIL2,Denatured Alcohol 190 Proof 3C - 55 Gallon Drum,Pallets_48x40,Drums
666,375-BN7-NSQ,Denatured Alcohol 200 Proof 3A - 4 x 55 Gallon Drums (4 Drums),Pallets_48x40,Drums
668,JK-9BVP-96M8,Denatured Alcohol 200 Proof 3A - 55 Gallon Drum,Pallets_48x40,Drums
669,L3P-R4E-SQP,Denatured Alcohol 200 Proof 3C - 4 x 55 Gallon Drums (4 Drums),Pallets_48x40,Drums
671,KX-ZLYJ-FP49,Denatured Alcohol 200 Proof 3C - 55 Gallon Drum,Pallets_48x40,Drums
673,CSB-0KC-NDW,D-Limonene Technical Grade - 4 x 55 Gallon Drums,Pallets_48x40,Drums
676,5V2-4EG-MS8,D-Limonene Technical Grade - 55 Gallon Drum,Pallets_48x40,Drums
677,V5U-3FF-YE4,D-Limonene USP Grade - 220 Gallons (4 x 55 Gallon Drums),Pallets_48x40,Drums
679,BC-UCP5-4E9S,D-Limonene USP Grade - 55 Gallon Drum,Pallets_48x40,Drums
681,OTIO-MMPS-ALOX,Dura Kote Mold Release - 55 Gallon Drum,Pallets_48x40,Drums
685,W2T-VAE-PWK,EpiKure 3383 - 55 Gallon Drum,Pallets_48x40,Drums
686,XBCF-FEBF-QFAX,Ethacure 100 - 55 Gallon Drum,Pallets_48x40,Drums
687,CLA-W52-P8M,Ethyl Acetate - 4 x 55 Gallon Drums,Pallets_48x40,Drums
688,DX-GA5K-CWWI,Ethyl Acetate - 55 Gallon Drum,Pallets_48x40,Drums
693,952-6ZW-ZSE,Ethyl Acetate ACS - 4 x 55 Gallon Drums,Pallets_48x40,Drums
695,FQT-324-ANJ,Ethyl Acetate ACS - 55 Gallon Drum,Pallets_48x40,Drums
698,TCF-98A-8ZF,Ethylene Glycol 50/50 - 4 x 55 Gallon Drums,Pallets_48x40,Drums
700,4S2-7U9-VR7,Ethylene Glycol 60/40 - 4 x 55 Gallon Drums,Pallets_48x40,Drums
703,NDF-PQG-L8P,Ethylene Glycol ACS Grade - 4 x 55 Gallon Drums,Pallets_48x40,Drums
705,U0C-0DG-6S4,Ethylene Glycol ACS Grade - 55 Gallon Drum,Pallets_48x40,Drums
709,4NU-L0F-BAT,Ethylene Glycol Inhibited - ACS Grade - 4 x 55 Gallon Drums,Pallets_48x40,Drums
711,8HM-6SL-Y9B,Ethylene Glycol Inhibited - ACS Grade - 55 Gallon Drum,Pallets_48x40,Drums
712,YVB-DTL-BAP,Ethylene Glycol Semiconductor Grade - 4 x 55 Gallon Drums,Pallets_48x40,Drums
714,86W-DY6-ZBJ,Ferric Chloride 40% - 4 x 55 Gallon Drums,Pallets_48x40,Drums
716,XG-76U9-KGRY,Ferric Chloride 40% - 55 Gallon Drum,Pallets_48x40,Drums
719,6A3-Y5A-JC4,Glowguard Title Restorer - 55 Gallon Drum,Pallets_48x40,Drums
721,0X-3G60-XEAJ,Glycerin - USP Food Grade - 55 Gallon Drum,Pallets_48x40,Drums
725,5UV-7N2-7MQ,Glycerin Technical Grade - 4 x 55 Gallon Drums,Pallets_48x40,Drums
727,C4R-UJ7-9E8,Glycerin Technical Grade - 55 Gallon Drum,Pallets_48x40,Drums
728,GBP-UGN-UZQ,Glycerin USP Grade - 4 x 55 Gallon Drums,Pallets_48x40,Drums
729,K54-F9Y-FS5,Glycerin USP Grade - 4 x 55 Gallon Drums,Pallets_48x40,Drums
733,3YQ-H7L-PZX,Glycol Ether EE ACS - 55 Gallon Drum,Pallets_48x40,Drums
734,U8W-51A-Z7S,Glycolic Acid 70% - 551 LB Drum,Pallets_48x40,Drums
735,CEOE-MJUG-WWWE,Golden West AW68 Oil - 55 Gallon Drum,Pallets_48x40,Drums
738,VC7-S6Z-JPC,Hexane ACS Reagent Grade - 4 x 55 Gallon Drums,Pallets_48x40,Drums
741,GD-9ROQ-KBV9,Hexane Reagent Grade - 55 Gallon Drum,Pallets_48x40,Drums
743,DZ-QUWH-ZXKW,Hexane Solvent - Technical Grade - 55 Gallon Drum,Pallets_48x40,Drums
744,KJG-WRJ-DHJ,Hexane Technical Grade - 4 x 55 Gallon Drums,Pallets_48x40,Drums
746,STT-WMM-TLC,Hydrochloric Acid 15% Technical Grade - 4 x 55 Gallon Drums,Pallets_48x40,Drums
748,3YF-R8D-Q2D,Hydrochloric Acid 31% - 4 x 55 Gallon Drums,Pallets_48x40,Drums
749,YJ6-35C-5A7,Hydrochloric Acid 31% - 4 x 55 Gallon Drums,Pallets_48x40,Drums
751,HZ-12KC-B8ZG,Hydrochloric Acid 31% 20 BE - 55 Gallon Drum,Pallets_48x40,Drums
755,GB4-58S-QE5,Hydrochloric Acid 37% (HCL 37%) - Technical Grade - 4 x 55 Gallon Drums,Pallets_48x40,Drums
758,RWN-R7P-SGC,Hydrochloric Acid 37% ACS Grade - 55 Gallon Drum,Pallets_48x40,Drums
760,F3L-73G-66P,Hydrochloric Acid 37% ACS Reagent Grade - 4 x 55 Gallon Drums,Pallets_48x40,Drums
761,236-RTA-TAX,Hydrochloric Acid 5% Technical Grade - 4 x 55 Gallon Drums,Pallets_48x40,Drums
762,X6D-2H2-5GD,Hydrochloric Acid 5% Technical Grade - 55 Gallon Drum,Pallets_48x40,Drums
763,DC9-GRV-F2C,HYDROFLUORIC ACID 49% VLSI GRADE - 55 Gallon Drum,Pallets_48x40,Drums
764,JFQ-K94-R2U,Hydrofluoric Acid 49% VLSI Grade - 55 Gallon Drum,Pallets_48x40,Drums
765,VXR-2W3-ESL,Hydrofluoric Acid Technical Grade - 55 Gallon Drum,Pallets_48x40,Drums
767,5J4-XYZ-2CV,Hydrofluorosilicic Acid 23% (HFS) - 4 x 55 Gallon Drums,Pallets_48x40,Drums
769,Z8K-G6B-7Z9,Hydrofluorosilicic Acid 23% ACS Grade - 4 x 55 Gallon Drums,Pallets_48x40,Drums
771,X5V-T7F-347,Hydrofluorosilicic Acid 23% ACS Grade - 55 Gallon Drum,Pallets_48x40,Drums
799,B0V-DV4-KJJ,Hydrogen Peroxide 3% ACS Grade - 4 x 55 Gallon Drums,Pallets_48x40,Drums
801,EC4-NF7-09Q,Hydrogen Peroxide 3% ACS Grade - 55 Gallon Drum,Pallets_48x40,Drums
804,6ZT-5LR-XPQ,Hydrogen Peroxide 3% Technical Grade - 4 x 55 Gallon Drums,Pallets_48x40,Drums
806,PLF-NNM-P04,Hydrogen Peroxide 3% Technical Grade - 55 Gallon Drum,Pallets_48x40,Drums
807,LDT-S4S-D08,Hydrogen Peroxide 30% - 55 Gallon Drum,Pallets_48x40,Drums
817,V99-E12-FR0,Hydrogen Peroxide 5% ACS Grade - 4 x 55 Gallon Drums,Pallets_48x40,Drums
819,9IT-PV7-64M,Hydrogen Peroxide 5% ACS Grade - 55 Gallon Drum,Pallets_48x40,Drums
830,T6P-YKL-X8V,Isobutyl Alcohol 99% - 4 x 55 Gallon Drums,Pallets_48x40,Drums
832,0Z4-X0K-V1M,Isobutyl Alcohol 99% ACS Grade - 55 Gallon Drum,Pallets_48x40,Drums
833,6J6-42S-RZA,Isopropyl Acetate 99.98% - 4 x 55 Gallon Drums,Pallets_48x40,Drums
835,69-V3QY-M24L,Isopropyl Acetate 99.98% - 55 Gallon Drum,Pallets_48x40,Drums
837,NLF-71N-K64,Isopropyl Acetate 99.98% ACS Grade - 55 Gallon Drum,Pallets_48x40,Drums
840,WV-UA8G-2EPD,Isopropyl Alcohol 70% - 55 Gallon Drum,Pallets_48x40,Drums
842,RQN-987-AKU,Isopropyl Alcohol 70% USP Grade - 4 x 55 Gallon Drums,Pallets_48x40,Drums
844,B0A-S8G-6H2,Isopropyl Alcohol 90% - 55 Gallon Poly Drum,Pallets_48x40,Drums
846,SML-WNT-ZGS,Isopropyl Alcohol 91% - 4 x 55 Gallon Drums,Pallets_48x40,Drums
848,QCS-YIE-GJC,Isopropyl Alcohol 91% - 55 Gallon Drum,Pallets_48x40,Drums
850,EUZ-AXE-BFS,Isopropyl Alcohol 99% - 4 x 55 Gallon Drums,Pallets_48x40,Drums
852,CU-20UC-KITN,Isopropyl Alcohol 99% - 55 Gallon Drum,Pallets_48x40,Drums
854,GCT-HU9-HJ6,Isopropyl Alcohol 99.9% ACS Reagent Grade - 4 x 55 Gallon Drums,Pallets_48x40,Drums
856,ZX2-RS3-DK6,Isopropyl Alcohol 99.9% Semiconductor - 55 Gallon Drum,Pallets_48x40,Drums
858,NT8-BZP-XMB,Isopropyl Alcohol Semiconductor - 55 Gallon Drum,Pallets_48x40,Drums
859,GHD-Q4L-6QT,Kerosene - 4 x 55 Gallon Drums,Pallets_48x40,Drums
861,P3-GHJN-K1BE,Kerosene - 55 Gallon Metal Drum,Pallets_48x40,Drums
863,83M-465-C22,Liquid Ammonium Sulfate 40% - 55 Gallon Drum,Pallets_48x40,Drums
864,71W-UZL-P90,"Lubricating Oil, Gear 80W90 - 55 Gallon Drum",Pallets_48x40,Drums
866,SC-F5S9-GTSN,Methanol - Technical Grade - 55 Gallon Drum,Pallets_48x40,Drums
867,DGC-XZ5-944,Methanol ACS Reagent Grade - 4 x 55 Gallon Drums,Pallets_48x40,Drums
869,UCZ-VAP-OWV,Methanol ACS Reagent Grade - 55 Gallon Drum,Pallets_48x40,Drums
870,C72-6XB-ANG,Methanol Technical Grade - 4 x 55 Gallon Drums,Pallets_48x40,Drums
872,QVK-KK5-PES,Methyl Ethyl Ketone (MEK) - 4 x 55 Gallon Drums,Pallets_48x40,Drums
874,UZ-LOTH-HCSD,Methyl Ethyl Ketone (MEK) - 55 Gallon Drum,Pallets_48x40,Drums
878,DUJ-THF-5AQ,Methyl Isobutyl Ketone (MIBK) ACS Grade - 4 x 55 Gallon Drums,Pallets_48x40,Drums
880,BVX-3ET-JE2,Methyl Isobutyl Ketone (MIBK) ACS Grade - 55 Gallon Drum,Pallets_48x40,Drums
883,QNN-KYR-TTP,Methyl Isobutyl Ketone (MIBK) Technical Grade - 4 x 55 Gallon Drums,Pallets_48x40,Drums
885,7V3-7KW-371,Methyl Isobutyl Ketone (MIBK) Technical Grade - 55 Gallon Drum,Pallets_48x40,Drums
887,J4-46GS-16EU,Methyl n-Amyl Ketone (MAK) - 55 Gallon Drum,Pallets_48x40,Drums
888,VVK-SPU-Z75,Methyl N-Amyl Ketone (MAK) ACS Grade - 4 x 55 Gallon Drums,Pallets_48x40,Drums
890,AWD-NBH-HLZ,Methyl N-Amyl Ketone (MAK) ACS Grade - 55 Gallon Drum,Pallets_48x40,Drums
891,VBB-UEN-9T3,Methyl n-Amyl Ketone (MNAK) - 4 x 55 Gallon Drums,Pallets_48x40,Drums
892,2RW-WFC-5G9,Methyl n-Propyl Ketone (MPK) - 4 x 55 Gallon Drums,Pallets_48x40,Drums
894,TX-O1KN-K3AH,Methyl n-Propyl Ketone (MPK) - 55 Gallon Drum,Pallets_48x40,Drums
895,9DK-6EH-XJ6,Methyl n-Propyl Ketone (MPK) ACS - 4 x 55 Gallon Drums,Pallets_48x40,Drums
897,52B-E4Y-GXR,Methyl n-Propyl Ketone (MPK) ACS - 55 Gallon Drum,Pallets_48x40,Drums
899,BVCE-PCWU-QVIP,Mineral Spirits Odorless - 55 Gallon Drum,Pallets_48x40,Drums
902,HPG-PVH-GHJ,Mobil Vactra Oil No.2 - 55 Gallon Drum,Pallets_48x40,Drums
904,5BW-M6L-ZA2,Monoethanolamine (MEA) - 4 x 55 Gallon Drums,Pallets_48x40,Drums
905,LFN-GSO-SWH,Monoethanolamine (MEA) - 55 Gallon Drum,Pallets_48x40,Drums
908,ZEH-CG2-87G,Monoethanolamine (MEA) ACS Grade - 4 x 55 Gallon Drums,Pallets_48x40,Drums
910,D6S-7HD-EC5,Monoethanolamine (MEA) ACS Grade - 55 Gallon Drum,Pallets_48x40,Drums
912,NTK-CSY-G76,N-Butyl Acetate - 4 x 55 Gallon Drums,Pallets_48x40,Drums
914,6L-29UX-8A0I,N-Butyl Acetate - 55 Gallon Drum,Pallets_48x40,Drums
915,LMM-BAC-W38,N-Butyl Alcohol - 4 x 55 Gallon Drums,Pallets_48x40,Drums
917,P7-S9T7-YDOO,N-Butyl Alcohol - 55 Gallon Drum,Pallets_48x40,Drums
918,ZPR-LKW-BQ3,n-Heptane 99% ACS - 4 x 55 Gallon Drums,Pallets_48x40,Drums
920,JHM-2R2-Z49,n-Heptane 99% ACS - 55 Gallon Drum,Pallets_48x40,Drums
922,D3U-0RU-YU0,n-Heptane 99% Technical - 4 x 55 Gallon Drums,Pallets_48x40,Drums
924,QQC-PWR-RY1,n-Heptane 99% Technical - 55 Gallon Drum,Pallets_48x40,Drums
925,5YH-BDR-MFH,Nitric Acid 10% - 55 Gallon Drum,Pallets_48x40,Drums
926,A3W-371-2Q4,Nitric Acid 20% - 55 Gallon Drum,Pallets_48x40,Drums
927,5IX-PCU-2HV,Nitric Acid 25% - 55 Gallon Drum,Pallets_48x40,Drums
928,RG5-DR5-JN6,Nitric Acid 40% -  55 Gallon Drum,Pallets_48x40,Drums
929,AMI-7E3-8B2,Nitric Acid 5% - 55 Gallon Drums,Pallets_48x40,Drums
930,HNW-8FH-TC3,Nitric Acid 65% - 4 x 55 Gallon Drums,Pallets_48x40,Drums
931,XT-TNEN-1FWY,Nitric Acid 65% ACS Grade - 55 Gallon SST Drum,Pallets_48x40,Drums
934,PQB-E7N-HYX,Nitric Acid 65% Technical Grade - 55 Gallon SST Drum,Pallets_48x40,Drums
936,CSW-9CK-P2M,Nitric Acid 67% Tech Grade - 55 Gallon Drum,Pallets_48x40,Drums
937,V35-P58-6W7,Nitric Acid 70% ACS Grade - Low Particle - 220 Gallons (4 x 55 Gallon Drums),Pallets_48x40,Drums
938,LPB-039-JRM,Nitric Acid 70% ACS Grade - Low Particle - 55 Gallon Drum,Pallets_48x40,Drums
939,HAZ-ADC-3D6,Nitric Acid ACS 69% ACS Grade - 55 Gallon Drum,Pallets_48x40,Drums
942,Q8R-B5C-T55,n-Propyl Alcohol ACS Grade - 4 x 55 Gallon Drums,Pallets_48x40,Drums
944,QPJ-B43-LVZ,n-Propyl Alcohol ACS Grade - 55 Gallon Drum,Pallets_48x40,Drums
945,DD-6LKU-OJDR,Perchloroethylene - 55 Gallon Drum,Pallets_48x40,Drums
946,YA5-RUE-BM8,"Perchloroethylene (PCE, PERC) - 4 x 55 Gallon Drums",Pallets_48x40,Drums
948,8BA-4WG-T82,Perchloroethylene ACS Grade - 55 Gallon Drum,Pallets_48x40,Drums
950,M62-ZU2-XBJ,Petroleum Ether ACS Reagent Grade - 4 x 55 Gallon Drums,Pallets_48x40,Drums
953,YYA-Y62-XXX,Petroleum Ether Technical Grade - 4 x 55 Gallon Drums,Pallets_48x40,Drums
955,W5J-MQ2-US1,Petroleum Ether Technical Grade - 55 Gallon Drum,Pallets_48x40,Drums
957,4NL-U7K-3VH,Phosphoric Acid 30% - 55 Gallon Drum,Pallets_48x40,Drums
959,EDY-ZC5-86U,Phosphoric Acid 75% - 4 x 55 Gallon Drums,Pallets_48x40,Drums
963,O1P-Q2R-S3T,Phosphoric Acid 75% ACS Grade - 4 x 55 Gallon Drums,Pallets_48x40,Drums
965,I8J-K9L-M0N,Phosphoric Acid 75% ACS Grade - 55 Gallon Drum,Pallets_48x40,Drums
966,VV-A5IN-JLM7,Phosphoric Acid 75% Tech Grade - 55 Gallon Drum,Pallets_48x40,Drums
970,CS7-BAB-R7P,Phosphoric Acid 75% USP Food Grade - 4 x 55 Gallon Drums,Pallets_48x40,Drums
972,ZYU-5RT-CZA,Phosphoric Acid 75% USP Food Grade - 55 Gallon Drum,Pallets_48x40,Drums
973,DMK-ELJ-3S5,Phosphoric Acid 85% ACS Grade - 4 x 55 Gallon Drums,Pallets_48x40,Drums
974,LC9-X8U-WB5,Phosphoric Acid 85% ACS Grade - 55 Gallon Drum,Pallets_48x40,Drums
976,5U-6G8F-2RDJ,Phosphoric Acid 85% Technical Grade - 55 Gallon Drum,Pallets_48x40,Drums
977,GUV-G57-6PQ,Phosphoric Acid 85% USP Food Grade - 4 x 55 Gallon Drums,Pallets_48x40,Drums
979,N7-LISE-OQTZ,Phosphoric Acid 85% USP Food Grade - 55 Gallon Drum,Pallets_48x40,Drums
982,CQB-NUB-OTA,Polyethylene Glycol (PEG) 200 - 55 Gallon Drum,Pallets_48x40,Drums
984,JKJ-J5N-9KW,Polyethylene Glycol 200 (PEG) - 4 x 55 Gallon Drums,Pallets_48x40,Drums
986, F0S-0HF-XS2,Propylene Glycol 35% - 55 Gallon Drum,Pallets_48x40,Drums
990,KW8-QGD-KS8,Propylene Glycol Inhibited - ACS Grade - 4 x 55 Gallon Drums,Pallets_48x40,Drums
992,LAO-PPR-LMT,Propylene Glycol Inhibited - ACS Grade - 55 Gallon Drum,Pallets_48x40,Drums
545,TRZ-9YS-5W6,10% Vinegar - 4 x 55 Gallon Drums,Pallets_48x40,Drums
546,YUZ-MAK-6ZS,10% Vinegar - 55 Gallon Drum,Pallets_48x40,Drums
547,ST4-K81-485,100% Ethylene Glycol Inhibited - 55 Gallon Drum,Pallets_48x40,Drums
549,US3-WH3-18P,100% Propylene Glycol Inhibited - 55 Gallon Drum,Pallets_48x40,Drums
552,2V9-37C-05G,100% Pure Castor Oil - 55 Gallon Drum,Pallets_48x40,Drums
557,B80-Z5W-3CT,100% Pure Castor Oil ACS Grade - 55 Gallon Drum,Pallets_48x40,Drums
558,KZC-JVK-2ZK,100% Pure Castor Oil ACS Grade 4 X 55 Gallon Drums,Pallets_48x40,Drums
560,369-X5P-84G,30% Vinegar - Concentrated Industrial Strength - 4 x 55 Gallon Drums,Pallets_48x40,Drums
564,NUM-A17-UXY,"55 Gallon Open Head Steel Recon Drum, UN Rated, Bolt Ring Black",Pallets_48x40,Drums
565,OJJ-SWJ-MPM,55 Gallon Poly Recon Drum,Pallets_48x40,Drums
5655,  5ZP-SG4-PCC,Dow Silicon Release Coating DC 20 - 55 GL,,
5837,61-HIK3-CWUC,Sodium Hydroxide Flakes -  55 LB Bag,,
5985,9Y-WJD5-ZGCM,N-Propyl Alcohol (N-Propanol) - 55 Gallon,,
5998,A5B-6C7-D8E,Oxalic Acid ACS Grade - Half Pallet (20 x 55 Lb Bags),,
6003,A9B-0C1-D2E,Trisodium EDTA - Full Pallet (approximately 40 x 55 lb Bags),,
6037,B5C-6D7-E8F,Magnesium Hydroxide ACS- 55 Lb,,
6041,B9C-0D1-E2F,Sodium Thiosulfate - Full Pallet (40 x 55 Lb Bags),,
6073,C5D-6E7-F8G,Magnesium Chloride Hexahydrate FCC USP Grade - Full Pallet (Approximately 40 x 55 lb Bags),,
6079,CAM-OLB-TCH,Hydrofluosilicic Acid 23% (HFS) - 55 Gallon,,
6087,CKN-QXT-PLB,Sodium Hypochlorite 12.5% - 55 Gallon,,
6095,CT-NPUX-4MVX,Gleam Guru Ammonia Cleaning Solution - 55 Gallon,,
6104,D5E-6F7-G8H,Boric Acid Powder 99% ACS Grade - Half Pallet (20 x 55 lb Bags),,
6135,DTM-BFH-KZC,Amyl Acetate - 55 Gallon,,
6136,DUE-FQG-UWT,Sodium Thiosulfate - 55 Lb Bag,,
6141,DXJ-Q82-DKV,Battery Water - 55 Gallon,,
6152,E5F-6G7-H8I,Ammonium Bifluoride Flakes - 55 Lb Bag,,
6155,E9F-0G1-H2I,Potassium Hydroxide Flakes ACS Grade - Half Pallet (20 x 55 lb Bags),,
6182,F1G-2HJ-3KL,Citric Acid Monohydrate USP Food Grade - Half Pallet (20 x 55 Lb Bags),,
6186,F3G-4H5-I6J,Trisodium EDTA - Half Pallet (approximately 20 x 55 lb Bags ),,
6200,F9G-0H1-I2J,Oxalic Acid ACS Grade - Full Pallet (40 x 55 Lb Bags),,
6212,FKK-APP-7YA,Xylene ACS Grade - 55 Gallon,,
6238,G3H-4I5-J6K,Sodium Thiosulfate - Half Pallet (20 x 55 Lb Bags),,
6244,G8N-RAY-XGR,Hydrochloric Acid 15% Technical Grade - 55 Gallon,,
6245,G9H-0I1-J2K,Magnesium Hydroxide Technical - Full Pallet (40 x 55 Lb Bags),,
6260,GJU-KRA-RHY,Isobutyl Alcohol 99% - 55 Gallon,,
6282,H9I-0J1-K2L,Magnesium Chloride Hexahydrate FCC USP Grade - Half Pallet (Approximately 20 x 55 lb Bags),,
6293,HL1-Z3S-MW2,Amyl Acetate ACS Grade - 55 Gallon,,
994,W5Q-DJF-PRM,Propylene Glycol Technical Grade - 220 Gallons (4 x 55 Gallon Drums),Pallets_48x40,Drums
996,TGM-4CB-3GR,Propylene Glycol Technical Grade - 55 Gallon Drum,Pallets_48x40,Drums
999,43A-3UP-8FL,Propylene Glycol USP Grade - 4 x 55 Gallon Drums,Pallets_48x40,Drums
1001,W2-YYE5-XFZF,Propylene Glycol USP Grade - 55 Gallon Drum,Pallets_48x40,Drums
1003,N8P-8NC-5QU,Sa78 DH Thinner Blend - 55 Gallon Drum,Pallets_48x40,Drums
1006,CV-93SI-VQNK,Sodium Bisulfite 40% - 55 Gallon Drum,Pallets_48x40,Drums
1008,YZ8-5Z3-WQ1,Sodium Bisulfite 40% ACS Grade - 55 Gallon Drum,Pallets_48x40,Drums
6306,HYX-R3D-LV9,Sulfuric Acid 50% Electrolyte Grade - 55 Gallon,,
6314,I9J-0K1-L2M,Boric Acid Powder 99% Acs Grade - 55 LB Bag,,
1019,H3B-0SR-CZC,Sodium Hydroxide 25% ACS Grade - 4 x 55 Gallon Drums,Pallets_48x40,Drums
1021,6VJ-LG2-MY5,Sodium Hydroxide 25% ACS Grade - 55 Gallon Drum,Pallets_48x40,Drums
1025,77H-DTN-N9J,Sodium Hydroxide 25% Solution - 4 x 55 Gallon Drums,Pallets_48x40,Drums
1026,9WJ-NK4-ACG,Sodium Hydroxide 25% Solution - 55 Gallon Drum,Pallets_48x40,Drums
1032,BM-TNEN-1FTW,Sodium Hydroxide 50% - 55 Gallon Drum,Pallets_48x40,Drums
1034,SE8-CCT-SFB,"Sodium Hydroxide 50% (Caustic Soda, Lye) - 4 x 55 Gallon Drums",Pallets_48x40,Drums
1035,YM9-ECP-9P9,Sodium Hydroxide 50% Solution ACS Grade - 4 x 55 Gallon Drums,Pallets_48x40,Drums
1036,2TC-YYE-TXK,Sodium Hypochlorite 10% - 55 Gallon Drum,Pallets_48x40,Drums
1039,8HM-6BK-HTG,Sodium Hypochlorite 12.5% - 4 x 55 Gallon Drums,Pallets_48x40,Drums
1041,N0V-J2G-GG1,Sodium Hypochlorite 5.25% - 4 x 55 Gallon Drums,Pallets_48x40,Drums
1044,S3Q-7R8-49N,Sulfuric Acid 30% - 4 x 55 Gallon Drums,Pallets_48x40,Drums
1045,V6A-9JM-JER,Sulfuric Acid 30% - 55 Gallon Drum,Pallets_48x40,Drums
1049,ZW2-3YU-BWN,Sulfuric Acid 70% - 220 Gallons - 4 x 55 Gallon Drums,Pallets_48x40,Drums
1051,3C3-Q2I-V56,Sulfuric Acid 93% - Technical Grade - 55 Gallon Drum,Pallets_48x40,Drums
1053,9UE-4HN-FDA,Sulfuric Acid 93% Technical Grade - 4 x 55 Gallon Drums,Pallets_48x40,Drums
1054,PYF-EZM-P8X,Sulfuric Acid 96% ACS Grade - 4 x 55 Gallon Drums,Pallets_48x40,Drums
1055,OVK-DMP-FMO,Sulfuric Acid 96% ACS Grade - 55 Gallon Drum,Pallets_48x40,Drums
1057,64P-F77-6P9,Tert Butyl Acetate (TBA) - 4 x 55 Gallon Drums,Pallets_48x40,Drums
1059,5E-ZV11-8WD7,Tert Butyl Acetate (TBA) - 55  Gallon  Drum,Pallets_48x40,Drums
1060,NC5-4MY-4DN,Toluene - 4 x 55 Gallon Drums,Pallets_48x40,Drums
1062,DH-ICRJ-A2G1,Toluene - 55 Gallon Drum,Pallets_48x40,Drums
1063,JV-YUAY-W0WY,Trichloroethylene - 55 Gallon Drum,Pallets_48x40,Drums
1064,YYA-LSQ-4U6,Trichloroethylene (TCE) - 4 x 55 Gallon Drums,Pallets_48x40,Drums
1068,T5U-6VW-7XY,Trichloroethylene (TCE) ACS Grade - 220 Gallons (4 x 55 Gallon Drums),Pallets_48x40,Drums
1070,Z8A-9BC-0DE,Trichloroethylene (TCE) ACS Grade - 55 Gallon Drum,Pallets_48x40,Drums
1072,VMY-4UG-QA3,Vinegar 50% - 4 x 55 Gallon Drums,Pallets_48x40,Drums
1076,TH7-ERA-BHQ,Vinegar 75% ACS Grade - 4 x 55 Gallon Drums,Pallets_48x40,Drums
1078,E1K-YUQ-RZU,Vinegar 75% ACS Grade - 55 Gallon Drum,Pallets_48x40,Drums
1080,D28-Z0H-QTV,VM&amp;P Naphtha - 4 x 55 Gallon Drums,Pallets_48x40,Drums
1082,DSC-A9X-1WN,VM&amp;P Naphtha - 55 Gallon Drum,Pallets_48x40,Drums
1083,3ME-EM6-VBJ,Xylene - 4 x 55 Gallon Drums,Pallets_48x40,Drums
1085,GM-YVQ3-PD14,Xylene - 55 Gallon Drum,Pallets_48x40,Drums
1087,Z5-0RHW-GR1K,Sodium Hypochlorite 5.25% – 55 Gallon,Pallets_48x40,Drums
6330,J3K-4L5-M6N,Potassium Hydroxide Flakes ACS Grade - 55 lb Bag,,
6340,J9K-0L1-M2N,Ammonium Bifluoride Flakes - Half Pallet (20 x 55 Lb Bags),,
6352,JHYJ-PGAP-BUGP,Magnesium Chloride Hexahydrate - 55.2 LB Bag,,
6381,K3L-4M5-N6O,"Oxalic Acid, Dihydrate (Ethanedioic Acid) - Half Pallet (20 x 55 Lb Bags)",,
6386,K7L-8M9-N0O,Trisodium EDTA - 55 lb Bag,,
6325,IR-QCZV-5691,Isopropyl Alcohol 99.9% ACS Grade - 55 Gallons,Pallets_48x40,Drums
6410,KX4-4GE-PDV,Caustic Potash Flake (KOH) - 55.115 LB Bag,,
6418,L3M-4N5-O6P,Magnesium Hydroxide Technical - Half Pallet (20 x 55 Lb Bags),,
6453,M3N-4O5-P6Q,Magnesium Chloride Hexahydrate FCC USP Grade - 55 LB Bag,,
6455,M4N-5OP-6QR,Citric Acid Monohydrate – USP Food Grade - Full Pallet (40 x 55 Lb Bags),,
6463,MDP-3FV-M62,"Oxalic Acid, Dihydrate - Ethanedioic Acid - 55 Lb bag",,
6493,N3S-TCB-RJ9,Sulfuric Acid 70% - 55 Gallon,,
6500,N5D-YGE-Q6U,Sodium Hydroxide Flakes ACS Grade - 55 Lb Bag,,
6508,NCG-2P2-AU9,Ethylene Glycol 60/40 - 55 Gallon,,
6535,O3P-4Q5-R6S,Ammonium Bifluoride Flakes - Full Pallet (40 x 55 Lb Bags),,
6536,O7P-8Q9-R0S,Potassium Hydroxide Flakes KOH - Full Pallet (40 x 55 Lb Bags),,
6550,P4-OY4B-UKQC,Boric Acid Technical Grade - 55 LB Bag,,
6557,P7Q-8R9-S0T,"Oxalic Acid, Dihydrate (Ethanedioic Acid) - Full Pallet (40 x 55 Lb Bags)",,
6560,P9G-UEY-Z31,Sodium Hydroxide 50% Solution ACS Grade - 55 Gallon,,
6604,Q7R-8S9-T0U,Magnesium Hydroxide Technical - 55 LB bag,,
6645,R1S-2T3-U4V,Sodium Hydroxide Flakes - Half Pallet (20 x 55 Lb Bags),,
6654,R7S-8T9-U0V,Magnesium Hydroxide ACS - Full Pallet (40 x 55 Lb Bags),,
6697,S7T-8UV-9WX,Citric Acid Monohydrate – USP Food Grade - 55 Lb Bag,,
6719,T1U-2V3-W4X,Potassium Hydroxide Flakes KOH - Half Pallet (20 x 55 Lb Bags),,
6726,T7U-8V9-W0X,Boric Acid - Half Pallet (20 x 55 Lb Bags),,
6753,U1V-2W3-X4Y,Potassium Bicarbonate - FCC USP Grade - 55 Lb Bag,,
6767,U99-ZMU-4WW,Petroleum Ether ACS Reagent Grade - 55 Gallon,,
6790,US3-C5Y-LE8,Potassium Hydroxide Flakes (KOH) - 55.115 LB Bag,,
6802,V1W-2X3-Y4Z,Oxalic Acid ACS Grade - 55 Lb Bag,,
6803,V1X-2Y3-Z4A,Magnesium Hydroxide ACS - Half Pallet (20 x 55 Lb Bags),,
6854,W5X-6Y7-Z8A,Sodium Hydroxide Flakes ACS Grade - Half Pallet (20 x 55 Lb Bags),,
6920,Y1Z-2A3-B4C,Boric Acid Powder 99% ACS Grade - Full Pallet (40 x 55 lb Bags),,
6925,Y5Z-6A7-B8C,Potassium Hydroxide Flakes KOH - 55 Lb Bag,,
6964,Z5A-6B7-C8D,Potassium Hydroxide Flakes ACS Grade - Full Pallet (40 x 55 lb Bags),,
6971,ZAXS-ZWAU-VDDM,Potassium Bicarbonate - 55.2 LB Bag,,
6318,IC-IIXB-5HNZ,Vinegar 50% - 55 Gallon,Pallets_48x40,Drums
6344,JCW-9UQ-G8D,Epon Resin 828 - 55 Gallon,Pallets_48x40,Drums
6754,U22-29G-QL6,Ethylene Glycol 50/50 - 55 Gallon,Pallets_48x40,Drums
6888,X3D-EFS-UQF,FlameXcel - Dual Power Fuel - 55 Gallon,Pallets_48x40,Drums
5654,  0ZV-YUX-6FC,Xiameter Pmx 200 - 55 GL,Pallets_48x40,Drums
5686,0ZV-YUX-6FC,Xiameter Pmx 200 - 55 Gallon,Pallets_48x40,Drums
5738,3AL-TJE-PUV,Ethylene Glycol Semiconductor Grade - 55 Gallon,Pallets_48x40,Drums
5761,3WS-5VF-KSB,Epon™ Resin 828 - 55 Gallon,Pallets_48x40,Drums
5835,5ZP-SG4-PCC,Dow Silicon Release Coating DC 20 - 55 Gallon,Pallets_48x40,Drums
5873,76K-5K8-80X,Sulfuric Acid 37% Electrolyte Grade - 55 Gallon,Pallets_48x40,Drums
5914,8C-82EB--ADSSGJ85NJ,pH-Ree Fall - 55 Gallon,Pallets_48x40,Drums
5932,8U3-T5V-VS3,Hydrochloric Acid 37% (HCL 37%) - Technical Grade - 55 Gallon,Pallets_48x40,Drums
5952,989-1Y8-6WH,Methyl Ethyl Ketone (MEK) ACS Grade- 55 Gallon,Pallets_48x40,Drums
5968,9ND-45J-AUM,30% Vinegar - 55 Gallon,Pallets_48x40,Drums
6011,AG7-ZH6-UHU,Nitric Acid 70% ACS Grade - 55 Gallon,Pallets_48x40,Drums
6029,AYN-NMB-5KU,Glycol Ether EE - 55 Gallon,Pallets_48x40,Drums
6179,ERZ-3SZ-NJP,D-Limonene - 55 GL,Pallets_48x40,Drums
