product_id,sku,name,packaging_type,unit_container_type
544,WXV-AC4-WCU,10% Vinegar - 275 Gallon Tote,Totes,Totes
545,TRZ-9YS-5W6,10% Vinegar - 4 x 55 Gallon Drums,Pallets_48x40,Drums
546,YUZ-MAK-6ZS,10% Vinegar - 55 Gallon Drum,Pallets_48x40,Drums
547,ST4-K81-485,100% Ethylene Glycol Inhibited - 55 Gallon Drum,Pallets_48x40,Drums
548,1T0-A7H-Q9X,100% Propylene Glycol Inhibited - 275 Gallon Tote,Totes,Totes
549,US3-WH3-18P,100% Propylene Glycol Inhibited - 55 Gallon Drum,Pallets_48x40,Drums
550,WND-M5C-2G9,100% Pure Castor Oil - 275 Gallon Tote,Totes,Totes
551,VGR-ENC-DD6,100% Pure Castor Oil - 5 Gallon Pail,Pallets_48x40,Pails
552,2V9-37C-05G,100% Pure Castor Oil - 55 Gallon Drum,Pallets_48x40,Drums
553,79K-0BD-314,100% Pure Castor Oil ACS Grade - 275 Gallon Tote,Totes,Totes
554,GPT-2RA-FKX,100% Pure Castor Oil ACS Grade - 36 x 5 Gallon Pails on Pallet,Pallets_48x40,Pails
555,RIV-2IM-ABH,100% Pure Castor Oil ACS Grade - 4 x 5 Gallon Pails,Pallets_48x40,Pails
556,DZB-LEH-GYQ,100% Pure Castor Oil ACS Grade - 5 Gallon Pail,Pallets_48x40,Pails
557,B80-Z5W-3CT,100% Pure Castor Oil ACS Grade - 55 Gallon Drum,Pallets_48x40,Drums
558,KZC-JVK-2ZK,100% Pure Castor Oil ACS Grade 4 X 55 Gallon Drums,Pallets_48x40,Drums
559,4KP-D5A-KFU,30% Vinegar - 275 Gallon Tote,Totes,Totes
560,369-X5P-84G,30% Vinegar - Concentrated Industrial Strength - 4 x 55 Gallon Drums,Pallets_48x40,Drums
561,8M-GZ8A-4AFC,5 Gallon Poly Pail Container with Cap,Pallets_48x40,Pails
562,1L-1PSK-A9S8,50% Vinegar - 275 Gallon Tote,Totes,Totes
563,XY-BGOL-T9YN,50% Vinegar - 5 Gallon Pail,Pallets_48x40,Pails
564,NUM-A17-UXY,"55 Gallon Open Head Steel Recon Drum, UN Rated, Bolt Ring Black",Pallets_48x40,Drums
565,OJJ-SWJ-MPM,55 Gallon Poly Recon Drum,Pallets_48x40,Drums
566,KXN-1HE-XMQ,60/40 Methanol/ DI Water Solution - 275 Gallon Tote,Totes,Totes
567,UL9-VB0-0X8,60/40 Methanol/ DI Water Solution - 4 x 55 Gallon Drums,Pallets_48x40,Drums
568,QJK-KE7-9PA,60/40 Methanol/ DI Water Solution - 5 Gallon Pail,Pallets_48x40,Pails
569,VUS-B85-3AR,60/40 Methanol/ DI Water Solution - 55 Gallon Drum,Pallets_48x40,Drums
570,QJW-WVK-3FE,60/40 Methanol/ DI Water Solution ACS Grade - 275 Gallon Tote,Totes,Totes
571,4TX-58D-77A,60/40 Methanol/ DI Water Solution ACS Grade - 36 x 5 Gallon Pail,Pallets_48x40,Pails
572,IJ0-PER-DXT,60/40 Methanol/ DI Water Solution ACS Grade - 4 x 5 Gallon Pails,Pallets_48x40,Pails
573,KIQ-UUS-ZVU,60/40 Methanol/ DI Water Solution ACS Grade - 4 x 55 Gallon Drums,Pallets_48x40,Drums
574,E2Y-4UW-75P,60/40 Methanol/ DI Water Solution ACS Grade - 5 Gallon Pail,Pallets_48x40,Pails
575,6IH-R2Z-JSW,60/40 Methanol/ DI Water Solution ACS Grade - 55 Gallon Drum,Pallets_48x40,Drums
576,R0W-4SA-TMK,75% Vinegar - 275 Gallon Tote,Totes,Totes
577,SZ2-PLT-015,75% Vinegar - 4 x 55 Gallon Drums,Pallets_48x40,Drums
578,LT6-KZD-S3R,75% Vinegar - 5 Gallon Pail,Pallets_48x40,Pails
579,994-DD8-EPD,75% Vinegar - 55 Gallon Drum,Pallets_48x40,Drums
580,YER-313-XY3,8% Vinegar - 275 Gallon Tote,Totes,Totes
581,D6U-DFH-2FD,A-A-59601E Type III - 4 x 55 Gallon Drums,Pallets_48x40,Drums
582,0T-QNO5-DXBM,A-A-59601E Type III - 5 Gallon Pail,Pallets_48x40,Pails
583,4R-90ZG-8I1T,A-A-59601E Type III - 55 Gallon Drum,Pallets_48x40,Drums
584,63B-OGX-LVS,A-A-59601E Type III - ACS Grade - 275 Gallon Tote,Totes,Totes
585,AFJ-WGR-5D6,A-A-59601E Type III - ACS Grade - 36 x 5 Gallon Pails,Pallets_48x40,Pails
586,LKA-4R2-VJ0,A-A-59601E Type III - ACS Grade - 4 x 55 Gallon Drums,Pallets_48x40,Drums
587,AVU-EPK-2TD,A-A-59601E Type III - ACS Grade - 55 Gallon Drum,Pallets_48x40,Drums
588,MTW-OF3-O3Y,A-A-59601E Type III (ACS Grade) - 4 x 5 Gallon Pails,Pallets_48x40,Pails
589,VGB-ACQ-J11,A-A-59601E Type III (ACS Grade) - 5 Gallon Pail,Pallets_48x40,Pails
590,518-XZJ-NPU,Acetic Acid Glacial 99% ACS Grade - 275 Gallon Tote,Totes,Totes
591,ANR-YZ2-M4F,Acetic Acid Glacial 99% ACS Grade - 4 x 5 Gallon Pails,Pallets_48x40,Pails
592,FPA-Q4M-Y2H,Acetic Acid Glacial 99% ACS Grade - 4 x 55 Gallon Drums,Pallets_48x40,Drums
593,Z33-884-SXR,Acetic Acid Glacial 99% ACS Grade - 55 Gallon Drum,Pallets_48x40,Drums
594,NR-CARU-Y9V9,Acetic Acid Glacial Technical - 275  Gallon Tote,Totes,Totes
595,56S-LK9-JVN,Acetic Acid Glacial Technical - 4 x 55 Gallon Drums,Pallets_48x40,Drums
596,N25-LJV-8RG,Acetic Acid Glacial Technical - 55 Gallon Drum,Pallets_48x40,Drums
597,JK-95SG-7ZPR,Acetic Acid Glacial Technical Grade 100% - 5 Gallon Pail,Pallets_48x40,Pails
598,HTR-SZ9-TVU,Acetone ACS Grade - 275 Gallon Tote,Totes,Totes
599,9SK-K3Z-3XY,Acetone ACS Grade - 4 x 55 Gallon Drums,Pallets_48x40,Drums
600,TTZ-ZGC-LLW,Acetone ACS Reagent Grade - 5 Gallon Pail,Pallets_48x40,Pails
601,QMY-MPD-ZCJ,Acetone ACS Reagent Grade - 55 Gallon Drum,Pallets_48x40,Drums
602,Z7Q-5GM-WHU,Acetone Technical Grade - 275 Gallon Tote,Totes,Totes
603,R2F-LWR-ENJ,Acetone Technical Grade - 4 x 55 Gallon Drums,Pallets_48x40,Drums
604, OREV-PDYJ-JMOV,Acetone Technical Grade - 5 Gallon Metal Pail,Pallets_48x40,Pails
605,DYYV-FYOF-DRQP,Acetone Technical Grade - 55 Gallon Drum,Pallets_48x40,Drums
606,6TZ-WGL-SF9,"Acetone, Semiconductor - 5 Gallon Pail",Pallets_48x40,Pails
607,3RT-7V9-EQS,"Acetone, Tech - 365 LB Metal Drum",Pallets_48x40,Drums
608,LQ1-LGC-YVZ,Aluminum Chloralhydrate 50% NSF Grade - 55 Gallon Drum,Pallets_48x40,Drums
609,XKH-3DM-NBX,Aluminum Chlorohydrate 50% Solution - 55 Gallon Drum,Pallets_48x40,Drums
610,WDA-YP3-M9A,Aluminum Sulfate 50% - 275 Gallon Tote,Totes,Totes
611,EWW-B92-DYV,Aluminum Sulfate 50% - 4 x 55 Gallon Drums,Pallets_48x40,Drums
612,UIO-WOV-GIL,Aluminum Sulfate 50% Solution - 55 Gallon Drum,Pallets_48x40,Drums
613,ZG-IW2E-NDFR,Ammonium Hydroxide 29% Acs Grade  - 55 Gallon Drum,Pallets_48x40,Drums
614,D0-HH86-AD2W,Ammonium Hydroxide 29% ACS Grade - 5 Gallon Pail,Pallets_48x40,Pails
615,99M-KV2-BW2,Ammonium Hydroxide 29% Technical Grade - 275 Gallon Tote,Totes,Totes
616,FQX-B0Q-EX5,Ammonium Hydroxide 29% Technical Grade - 4 x 55 Gallon Drums,Pallets_48x40,Drums
617,B64-LR6-XHT,Ammonium Hydroxide 29% Technical Grade - 5 Gallon Pail,Pallets_48x40,Pails
618,FX4-2SG-A1M,Ammonium Hydroxide 29% Technical Grade - 55 Gallon Drum,Pallets_48x40,Drums
619,KAS-UQG-73Z,Ammonium Sulfate 10% - 55 Gallon Drum,Pallets_48x40,Drums
620,AE9-TDY-HJP,Amyl Acetate - 4 x 55 Gallon Drums,Pallets_48x40,Drums
621,VJM-NA4-2BB,Amyl Acetate - 5 Gallon Pail,Pallets_48x40,Pails
622,H1Q-W24-CTW,Amyl Acetate ACS Grade - 4 x 55 Gallon Drums,Pallets_48x40,Drums
623,URJ-1M6-4QH,Amyl Acetate ACS Grade - 5 Gallon Pail,Pallets_48x40,Pails
624,8NZ-86Q-C2C,Antifreeze - 275 Gallon Tote,Totes,Totes
625,CLB-DHA-TVX,Arctic Assist - 15 Gallon Drum,Pallets_48x40,Drums
626,USZ- 2CK- SS2,Arctic Assist - 275 Gallon Tote ,Totes,Totes
627,YC7-G9X-B92,Arctic Assist - 4 x 55 Gallon Drums,Pallets_48x40,Drums
628,VCG-EQV-HGF,Arctic Assist - 5 Gallon Pail,Pallets_48x40,Pails
629,JOK-UTU-HRC,Arctic Assist - 55 Gallon Drum - Dyed Inhibited Propylene Glycol,Pallets_48x40,Drums
630,86M-XZV-MTE,Arctic Assist 60% - 55 Gallon Drum,Pallets_48x40,Drums
631,K95-H8C-SPW,Battery Water - 4 x 55 Gallon Drums,Pallets_48x40,Drums
632,UVX-UDX-D2V,Battery Water - 5 Gallon Pail,Pallets_48x40,Pails
633,UNFN-MZPY-PVWF,BLEND SAN 21 - 55 Gallon Drum,Pallets_48x40,Drums
634,H9T-V8B-ZXH,Blendpro - 5 Gallon Pail,Pallets_48x40,Pails
635,VS8-JUX-CE3,Blendpro - 55 Gallon Drum,Pallets_48x40,Drums
636,V2J-7KN-5N8,Chevron Capella P68 - 55 Gallon Drum,Pallets_48x40,Drums
637,41S-ABM-T1B,Chevron Superla White Oil NO. 9 - 55 Gallon Drum,Pallets_48x40,Drums
638,XL8-6YE-6M3,CIMCOOL Antifoam - 5 Gallon Pail,Pallets_48x40,Pails
639,W65-Z86-2L9,CIMCOOL Undyed Synthetic Lubricant 2015 - 55 Gallon Drum,Pallets_48x40,Drums
640,CMK-A88-9BN,Cimtech Gallon 2015 (UNDYED) - 55 Gallon Drum,Pallets_48x40,Drums
641,V50-U6K-YZG-1,Citric Acid 25% Solution - 55 Gallon Drum,Pallets_48x40,Drums
642,WD2-QPX-HMA,Citric Acid 50% - 55 Gallon Drum,Pallets_48x40,Drums
643,  WD2-QPX-HMA,Citric Acid 50% - 55 GL Drum,Pallets_48x40,Drums
644,V50-U6K-YZG,Citric Acid 50% Solution - 55 Gallon Drum,Pallets_48x40,Drums
645,Q42-XW9-W7K,Cleaning Compound Solvent - 54 Gallon Drum,Pallets_48x40,Drums
646,MKC-2FS-L23,COOL LUBE 926 - 55 GALLON DRUM,Pallets_48x40,Drums
647,VVT-KZP-9CP,Cyclohexanone - 275 Gallon Tote,Totes,Totes
648,DCH-UBW-C7U,Cyclohexanone - 4 x 55 Gallon Drums,Pallets_48x40,Drums
649,CAJ-WXO-BKH,Cyclohexanone - 5 Gallon Pail,Pallets_48x40,Pails
650,8H-5HZS-ZE3Y,Cyclohexanone - 55 Gallon Drum,Pallets_48x40,Drums
651,PA7-VBT-DAR,Cyclohexanone Technical Grade - 4 x 5 Gallon Pails,Pallets_48x40,Pails
652,BLK-4DB-0L7,Cyclohexanone Technical Grade - 4 x 55 Gallon Drums,Pallets_48x40,Drums
653,WPC-05D-LLM,Cyclohexanone Technical Grade - 5 Gallon Pail,Pallets_48x40,Pails
654,E5C-87H-LJG,Cyclohexanone Technical Grade - 55 Gallon Drum,Pallets_48x40,Drums
655,AMD-RYS-BPY,Deionized Water - 300 Gallon Tote Tank,Totes,Totes
656,65X-A2Y-9R2,Deionized Water - 4 x 55 Gallon Drums,Pallets_48x40,Drums
657,PO-KC3S-GVOC,Deionized Water - 5 Gallon Pail,Pallets_48x40,Pails
658,ZG-5WH8-SCOA,Deionized Water - 55 Gallon Drum,Pallets_48x40,Drums
659,MW3-767-BEL,Denatured Alcohol 190 Proof 3A - 275 Gallon Tote,Totes,Totes
660,XQW-UKP-EKB,Denatured Alcohol 190 Proof 3A - 4 x 55 Gallon Drums (4 Drums),Pallets_48x40,Drums
661,4Z-G9FS-0AXJ,Denatured Alcohol 190 Proof 3A - 5 Gallon Pail,Pallets_48x40,Pails
662,1Z-GL3I-LIW2,Denatured Alcohol 190 Proof 3A - 55 Gallon Drum,Pallets_48x40,Drums
663,TMH-7XK-54A,Denatured Alcohol 190 Proof 3C - 275 Gallon Tote,Totes,Totes
664,XDD-R4X-LV9,Denatured Alcohol 190 Proof 3C - 4 x 55 Gallon Drums,Pallets_48x40,Drums
665,MC-MMGL-RIL2,Denatured Alcohol 190 Proof 3C - 55 Gallon Drum,Pallets_48x40,Drums
666,375-BN7-NSQ,Denatured Alcohol 200 Proof 3A - 4 x 55 Gallon Drums (4 Drums),Pallets_48x40,Drums
667,SZ-54ZM-TYVP,Denatured Alcohol 200 Proof 3A - 5 Gallon Metal Pail,Pallets_48x40,Pails
668,JK-9BVP-96M8,Denatured Alcohol 200 Proof 3A - 55 Gallon Drum,Pallets_48x40,Drums
669,L3P-R4E-SQP,Denatured Alcohol 200 Proof 3C - 4 x 55 Gallon Drums (4 Drums),Pallets_48x40,Drums
670,HM-KG6V-AJFD,Denatured Alcohol 200 Proof 3C - 5 Gallon Pail,Pallets_48x40,Pails
671,KX-ZLYJ-FP49,Denatured Alcohol 200 Proof 3C - 55 Gallon Drum,Pallets_48x40,Drums
672,8T9-RH3-447,D-Limonene Technical Grade - 36 x 5 Gallon Pail,Pallets_48x40,Pails
673,CSB-0KC-NDW,D-Limonene Technical Grade - 4 x 55 Gallon Drums,Pallets_48x40,Drums
674,4BB-TDL-MG9,D-Limonene Technical Grade - 4x5 Gallon Pails,Pallets_48x40,Pails
675,WHR-BFF-Q9N,D-Limonene Technical Grade - 5 Gallon Pail,Pallets_48x40,Pails
676,5V2-4EG-MS8,D-Limonene Technical Grade - 55 Gallon Drum,Pallets_48x40,Drums
677,V5U-3FF-YE4,D-Limonene USP Grade - 220 Gallons (4 x 55 Gallon Drums),Pallets_48x40,Drums
678,27-CW39-BP19,D-Limonene USP Grade - 5 Gallon Pail,Pallets_48x40,Pails
679,BC-UCP5-4E9S,D-Limonene USP Grade - 55 Gallon Drum,Pallets_48x40,Drums
680,6T-PRLK-F0Z3,Drain Hammer - 5 Gallon Pail,Pallets_48x40,Pails
681,OTIO-MMPS-ALOX,Dura Kote Mold Release - 55 Gallon Drum,Pallets_48x40,Drums
682,OQYQ-WAKX-IQDE,Empty Openhead Drum,Pallets_48x40,Drums
683,TAYLOR FIRE DEPARTMENT,EMPTY POLY RECON DRUM,Pallets_48x40,Drums
684,LPXC-RZHH-LQAD,Empty Tighthead Drum,Pallets_48x40,Drums
685,W2T-VAE-PWK,EpiKure 3383 - 55 Gallon Drum,Pallets_48x40,Drums
686,XBCF-FEBF-QFAX,Ethacure 100 - 55 Gallon Drum,Pallets_48x40,Drums
687,CLA-W52-P8M,Ethyl Acetate - 4 x 55 Gallon Drums,Pallets_48x40,Drums
688,DX-GA5K-CWWI,Ethyl Acetate - 55 Gallon Drum,Pallets_48x40,Drums
689,3L-QPZB-MR8U,Ethyl Acetate - Technical Grade - 5 Gallon Pail,Pallets_48x40,Pails
690,Y1Z-79N-S6R,Ethyl Acetate ACS - 275 Gallon Tote,Totes,Totes
691,RLL-H3M-G8X,Ethyl Acetate ACS - 36 x 5 Gallon Pails,Pallets_48x40,Pails
692,F3F-L6R-N35,Ethyl Acetate ACS - 4 x 5 Gallon Pails,Pallets_48x40,Pails
693,952-6ZW-ZSE,Ethyl Acetate ACS - 4 x 55 Gallon Drums,Pallets_48x40,Drums
694,5CH-8UQ-ULA,Ethyl Acetate ACS - 5 Gallon Pail,Pallets_48x40,Pails
695,FQT-324-ANJ,Ethyl Acetate ACS - 55 Gallon Drum,Pallets_48x40,Drums
696,H2Y-UU6-R86,Ethyl Acetate Technical Grade -15 Gallon Drum,Pallets_48x40,Drums
697,VR3-THA-ZWB,Ethylene Glycol 50/50 - 275 Gallon Tote,Totes,Totes
698,TCF-98A-8ZF,Ethylene Glycol 50/50 - 4 x 55 Gallon Drums,Pallets_48x40,Drums
699,9VS-KGY-2AL,Ethylene Glycol 50/50 - 5 Gallon Pail,Pallets_48x40,Pails
700,4S2-7U9-VR7,Ethylene Glycol 60/40 - 4 x 55 Gallon Drums,Pallets_48x40,Drums
701,HAA-2TZ-U5K-PKZ,Ethylene Glycol 99% Technical Grade - 5 Gallon Pail,Pallets_48x40,Pails
702,CRT-DVU-8UN,Ethylene Glycol ACS Grade - 275 Gallon Tote,Totes,Totes
703,NDF-PQG-L8P,Ethylene Glycol ACS Grade - 4 x 55 Gallon Drums,Pallets_48x40,Drums
704,M24-J2J-JS1,Ethylene Glycol ACS Grade - 5 Gallon Pail,Pallets_48x40,Pails
705,U0C-0DG-6S4,Ethylene Glycol ACS Grade - 55 Gallon Drum,Pallets_48x40,Drums
706,418-LLO-SHK,Ethylene Glycol Inhibited - ACS Grade - 275 Gallon Tote,Totes,Totes
707,RMA-VCS-C90,Ethylene Glycol Inhibited - ACS Grade - 36 x 5 Gallon Pail,Pallets_48x40,Pails
708,W3J-05G-V4E,Ethylene Glycol Inhibited - ACS Grade - 4 x 5 Gallon Pails,Pallets_48x40,Pails
709,4NU-L0F-BAT,Ethylene Glycol Inhibited - ACS Grade - 4 x 55 Gallon Drums,Pallets_48x40,Drums
710,CLS-601-BFZ,Ethylene Glycol Inhibited - ACS Grade - 5 Gallon Pail,Pallets_48x40,Pails
711,8HM-6SL-Y9B,Ethylene Glycol Inhibited - ACS Grade - 55 Gallon Drum,Pallets_48x40,Drums
712,YVB-DTL-BAP,Ethylene Glycol Semiconductor Grade - 4 x 55 Gallon Drums,Pallets_48x40,Drums
713,7KH-TSF-9JJ,Ethylene Glycol Semiconductor Grade - 5 Gallon Pail,Pallets_48x40,Pails
714,86W-DY6-ZBJ,Ferric Chloride 40% - 4 x 55 Gallon Drums,Pallets_48x40,Drums
715,B08XJZPD2D,Ferric Chloride 40% - 5 Gallon Pail,Pallets_48x40,Pails
716,XG-76U9-KGRY,Ferric Chloride 40% - 55 Gallon Drum,Pallets_48x40,Drums
717,JD4-G3X-SBD,Ferric Chloride/HCL Blend - 275 Gallon Tote Tank,Totes,Totes
718,VEPW-XLSH-LSZW,Ferrous Sulfate Heptahydrate - 100 LB Drum,Pallets_48x40,Drums
719,6A3-Y5A-JC4,Glowguard Title Restorer - 55 Gallon Drum,Pallets_48x40,Drums
720,3Y-MRA8-0VN1,Glycerin - USP Food Grade - 5 Gallon Pail,Pallets_48x40,Pails
721,0X-3G60-XEAJ,Glycerin - USP Food Grade - 55 Gallon Drum,Pallets_48x40,Drums
722,MM8-R2Q-KLL,Glycerin Technical Grade - 275 Gallon Tote,Totes,Totes
723,9W2-JT2-LE9,Glycerin Technical Grade - 36 x 5 Gallon Pails,Pallets_48x40,Pails
724,PP9-L10-35V,Glycerin Technical Grade - 4 x 5 Gallon Pails,Pallets_48x40,Pails
725,5UV-7N2-7MQ,Glycerin Technical Grade - 4 x 55 Gallon Drums,Pallets_48x40,Drums
726,2KV-AY8-V7Z,Glycerin Technical Grade - 5 Gallon Pail,Pallets_48x40,Pails
727,C4R-UJ7-9E8,Glycerin Technical Grade - 55 Gallon Drum,Pallets_48x40,Drums
728,GBP-UGN-UZQ,Glycerin USP Grade - 4 x 55 Gallon Drums,Pallets_48x40,Drums
729,K54-F9Y-FS5,Glycerin USP Grade - 4 x 55 Gallon Drums,Pallets_48x40,Drums
730,NEW-QBH-TPR,Glycol Ether EE - 275 Gallon Tote,Totes,Totes
731,RMX-Z9P-B7H,Glycol Ether EE ACS - 275 Gallon Tote,Totes,Totes
732,BVX-KDD-C0A,Glycol Ether EE ACS - 5 Gallon Pail,Pallets_48x40,Pails
733,3YQ-H7L-PZX,Glycol Ether EE ACS - 55 Gallon Drum,Pallets_48x40,Drums
734,U8W-51A-Z7S,Glycolic Acid 70% - 551 LB Drum,Pallets_48x40,Drums
735,CEOE-MJUG-WWWE,Golden West AW68 Oil - 55 Gallon Drum,Pallets_48x40,Drums
736,XJ-0D5O-TXOW,Grease 716 EP-2 - 35 LB Metal Pail,Pallets_48x40,Pails
737,CAX-2LD-A6D,Grease and Bearing Oil - Mobil SHC 639 - 5 Gallon Pail,Pallets_48x40,Pails
738,VC7-S6Z-JPC,Hexane ACS Reagent Grade - 4 x 55 Gallon Drums,Pallets_48x40,Drums
739,XH2-EFK-DWF,Hexane Acs Reagent Grade - 5 Gallon Pail,Pallets_48x40,Pails
740,GR-SG93-YAMQ,Hexane Reagent Grade - 5 Gallon Pail,Pallets_48x40,Pails
741,GD-9ROQ-KBV9,Hexane Reagent Grade - 55 Gallon Drum,Pallets_48x40,Drums
742,P5-HXF1-80WR,Hexane Solvent - Technical Grade - 5 Gallon Pail,Pallets_48x40,Pails
743,DZ-QUWH-ZXKW,Hexane Solvent - Technical Grade - 55 Gallon Drum,Pallets_48x40,Drums
744,KJG-WRJ-DHJ,Hexane Technical Grade - 4 x 55 Gallon Drums,Pallets_48x40,Drums
745,WXP-GGK-UYH,Hydrochloric Acid 15% - 300 Gallon Tote Tank,Totes,Totes
746,STT-WMM-TLC,Hydrochloric Acid 15% Technical Grade - 4 x 55 Gallon Drums,Pallets_48x40,Drums
747,7DU-DYS-8FW,Hydrochloric Acid 15% Technical Grade - 5 Gallon Pail,Pallets_48x40,Pails
748,3YF-R8D-Q2D,Hydrochloric Acid 31% - 4 x 55 Gallon Drums,Pallets_48x40,Drums
749,YJ6-35C-5A7,Hydrochloric Acid 31% - 4 x 55 Gallon Drums,Pallets_48x40,Drums
750,QU-A268-DE2A,Hydrochloric Acid 31% - 5 Gallon Pail,Pallets_48x40,Pails
751,HZ-12KC-B8ZG,Hydrochloric Acid 31% 20 BE - 55 Gallon Drum,Pallets_48x40,Drums
752,UK-VIMO-SEBB,Hydrochloric Acid 31% Technical Grade - 20 BE - 275 Gallon Tote,Totes,Totes
753,KKY-S3A-UM4,Hydrochloric Acid 35% - 275 Gallon Tote- Tech Grade,Totes,Totes
754,VCC-BE4-PXJ,Hydrochloric Acid 37% (HCL 37%) - 5 Gallon Pail - Technical Grade,Pallets_48x40,Pails
755,GB4-58S-QE5,Hydrochloric Acid 37% (HCL 37%) - Technical Grade - 4 x 55 Gallon Drums,Pallets_48x40,Drums
756,NYK-99V-HC6,Hydrochloric Acid 37% ACS Grade - 275 Gallon Tote,Totes,Totes
757,Y28-8QP-ZJ6,Hydrochloric Acid 37% ACS Grade - 5 Gallon Pail,Pallets_48x40,Pails
758,RWN-R7P-SGC,Hydrochloric Acid 37% ACS Grade - 55 Gallon Drum,Pallets_48x40,Drums
759,NTC-44I-D4I,Hydrochloric Acid 37% ACS Reagent Grade - 15 Gallon Drum,Pallets_48x40,Drums
760,F3L-73G-66P,Hydrochloric Acid 37% ACS Reagent Grade - 4 x 55 Gallon Drums,Pallets_48x40,Drums
761,236-RTA-TAX,Hydrochloric Acid 5% Technical Grade - 4 x 55 Gallon Drums,Pallets_48x40,Drums
762,X6D-2H2-5GD,Hydrochloric Acid 5% Technical Grade - 55 Gallon Drum,Pallets_48x40,Drums
763,DC9-GRV-F2C,HYDROFLUORIC ACID 49% VLSI GRADE - 55 Gallon Drum,Pallets_48x40,Drums
764,JFQ-K94-R2U,Hydrofluoric Acid 49% VLSI Grade - 55 Gallon Drum,Pallets_48x40,Drums
765,VXR-2W3-ESL,Hydrofluoric Acid Technical Grade - 55 Gallon Drum,Pallets_48x40,Drums
766,LA-M4VG-55I9,Hydrofluorosilicic Acid 23% - 5 Gallon Pail,Pallets_48x40,Pails
767,5J4-XYZ-2CV,Hydrofluorosilicic Acid 23% (HFS) - 4 x 55 Gallon Drums,Pallets_48x40,Drums
768,2S6-GCK-5YT,Hydrofluorosilicic Acid 23% ACS Grade - 275 Gallon Tote,Totes,Totes
769,Z8K-G6B-7Z9,Hydrofluorosilicic Acid 23% ACS Grade - 4 x 55 Gallon Drums,Pallets_48x40,Drums
770,LV2-K3F-A5M,Hydrofluorosilicic Acid 23% ACS Grade - 5 Gallon Pail,Pallets_48x40,Pails
771,X5V-T7F-347,Hydrofluorosilicic Acid 23% ACS Grade - 55 Gallon Drum,Pallets_48x40,Drums
772,5YG-6F9-DLL,Hydrofluosilicic Acid - 140 LBS Drum,Pallets_48x40,Drums
773,LU1-L7J-X9U,Hydrogen Peroxide 10% ACS Grade - 36 x 5 Gallon Pails,Pallets_48x40,Pails
774,F5U-L4Y-YE3,Hydrogen Peroxide 10% ACS Grade - 4 x 5 Gallon Pails,Pallets_48x40,Pails
775,EM9-T8L-2XT,Hydrogen Peroxide 10% ACS Grade - 5 Gallon Pail,Pallets_48x40,Pails
776,A7N-Q3X-8SJ,Hydrogen Peroxide 10% Technical Grade - 36 x 5 Gallon Pails,Pallets_48x40,Pails
777,C2T-W6Y-H4R,Hydrogen Peroxide 10% Technical Grade - 4 x 5 Gallon Pails,Pallets_48x40,Pails
778,D3Z-8FD-1GX,Hydrogen Peroxide 10% Technical Grade - 5 Gallon Pail,Pallets_48x40,Pails
779,J7P-3RX-Q4D,Hydrogen Peroxide 12% ACS Grade - 36 x 5 Gallon Pails,Pallets_48x40,Pails
780,3FA-MQH-2L5,Hydrogen Peroxide 12% ACS Grade - 4 x 5 Gallon Pails,Pallets_48x40,Pails
781,5M4-HPR-753,Hydrogen Peroxide 12% ACS Grade - 5 Gallon Pail,Pallets_48x40,Pails
782,G5R-8JH-6LM,Hydrogen Peroxide 12% Technical Grade - 36 x 5 Gallon Pails,Pallets_48x40,Pails
783,V7N-Q4X-1SJ,Hydrogen Peroxide 12% Technical Grade - 4 x 5 Gallon Pails,Pallets_48x40,Pails
784,Y3P-M2D-8KZ,Hydrogen Peroxide 12% Technical Grade - 5 Gallon Pail,Pallets_48x40,Pails
785,5S5-HJR-759,Hydrogen Peroxide 15% ACS Grade - 36 x 5 Gallon Pails,Pallets_48x40,Pails
786,GDZ-H3U-H9D,Hydrogen Peroxide 15% ACS Grade - 4 x 5 Gallon Pails,Pallets_48x40,Pails
787,LU2-L6J-X0U,Hydrogen Peroxide 15% ACS Grade - 5 Gallon Pail,Pallets_48x40,Pails
788,EM3-T6L-0XT,Hydrogen Peroxide 15% Technical Grade - 36 x 5 Gallon Pails,Pallets_48x40,Pails
789,VD2-Z3Q-KKH,Hydrogen Peroxide 15% Technical Grade - 4 x 5 Gallon Pails,Pallets_48x40,Pails
790,E3X-Z8F-VR8,Hydrogen Peroxide 15% Technical Grade - 5 Gallon Pail,Pallets_48x40,Pails
791,A23-PN8-EG6,Hydrogen Peroxide 25% ACS Grade - 36 x 5 Gallon Pails,Pallets_48x40,Pails
792,M7B-V3F-ZZ0,Hydrogen Peroxide 25% ACS Grade - 4 x 5 Gallon Pails,Pallets_48x40,Pails
793,U8P-4KZ-Q2D,Hydrogen Peroxide 25% ACS Grade - 5 Gallon Pail,Pallets_48x40,Pails
794,72H-TDT-AH9,Hydrogen Peroxide 25% Technical Grade - 36 x 5 Gallon Pails,Pallets_48x40,Pails
795,VD6-Z8Q-K3H,Hydrogen Peroxide 25% Technical Grade - 4 x 5 Gallon Pails,Pallets_48x40,Pails
796,F2X-Z1F-VR3,Hydrogen Peroxide 25% Technical Grade - 5 Gallon Pail,Pallets_48x40,Pails
797,EM3-T6L-0XT-1,Hydrogen Peroxide 3% ACS Grade - 36 x 5 Gallon Pails,Pallets_48x40,Pails
798,VD2-Z3Q-KKH-1,Hydrogen Peroxide 3% ACS Grade - 4 x 5 Gallon Pails,Pallets_48x40,Pails
799,B0V-DV4-KJJ,Hydrogen Peroxide 3% ACS Grade - 4 x 55 Gallon Drums,Pallets_48x40,Drums
800,E3X-Z8F-VR8-1,Hydrogen Peroxide 3% ACS Grade - 5 Gallon Pail,Pallets_48x40,Pails
801,EC4-NF7-09Q,Hydrogen Peroxide 3% ACS Grade - 55 Gallon Drum,Pallets_48x40,Drums
802,EM3-T6L-0XT-2,Hydrogen Peroxide 3% Technical Grade - 36 x 5 Gallon Pails,Pallets_48x40,Pails
803,VD2-Z3Q-KKH-2,Hydrogen Peroxide 3% Technical Grade - 4 x 5 Gallon Pails,Pallets_48x40,Pails
804,6ZT-5LR-XPQ,Hydrogen Peroxide 3% Technical Grade - 4 x 55 Gallon Drums,Pallets_48x40,Drums
805,E3X-Z8F-VR8-2,Hydrogen Peroxide 3% Technical Grade - 5 Gallon Pail,Pallets_48x40,Pails
806,PLF-NNM-P04,Hydrogen Peroxide 3% Technical Grade - 55 Gallon Drum,Pallets_48x40,Drums
807,LDT-S4S-D08,Hydrogen Peroxide 30% - 55 Gallon Drum,Pallets_48x40,Drums
808,EM3-T5L-0XT,Hydrogen Peroxide 30% ACS Grade - 36 x 5 Gallon Pails,Pallets_48x40,Pails
809,VD9-ZBQ-KKH,Hydrogen Peroxide 30% ACS Grade - 4 x 5 Gallon Pails,Pallets_48x40,Pails
810,E4X-Z8F-VG8,Hydrogen Peroxide 30% ACS Grade - 5 Gallon Pail,Pallets_48x40,Pails
811,EYM-J7T-HXX,Hydrogen Peroxide 30% Technical - 36 x 5 Gallon Pails,Pallets_48x40,Pails
812,3EB-MMH-2LG,Hydrogen Peroxide 30% Technical - 4 x 5 Gallon Pails,Pallets_48x40,Pails
813,5R6-HJR-751,Hydrogen Peroxide 30% Technical - 5 Gallon Pail,Pallets_48x40,Pails
814,LLSK-EPYY-JZQX,Hydrogen Peroxide 35% - 5 Gallon Pail,Pallets_48x40,Pails
1031,QO-I0C4-DD9R,Sodium Hydroxide 50% - 5 Gallon Pail,Pallets_48x40,Pails
815,VE8-Z6Q-K6H,Hydrogen Peroxide 5% ACS Grade - 36 x 5 Gallon Pails,Pallets_48x40,Pails
816,8YR-W2K-M8X,Hydrogen Peroxide 5% ACS Grade - 4 x 5 Gallon Pails,Pallets_48x40,Pails
817,V99-E12-FR0,Hydrogen Peroxide 5% ACS Grade - 4 x 55 Gallon Drums,Pallets_48x40,Drums
818,A34-PN7-EG8,Hydrogen Peroxide 5% ACS Grade - 5 Gallon Pail,Pallets_48x40,Pails
819,9IT-PV7-64M,Hydrogen Peroxide 5% ACS Grade - 55 Gallon Drum,Pallets_48x40,Drums
820,ZYD-DWA-HJZ,Hydrogen Peroxide 5% Technical Grade - 36 x 5 Gallon Pails Pallet,Pallets_48x40,Pails
821,3EB-MMH-2L3,Hydrogen Peroxide 5% Technical Grade - 4 x 5 Gallon Pails,Pallets_48x40,Pails
822,5R6-HJR-752,Hydrogen Peroxide 5% Technical Grade - 5 Gallon Pail,Pallets_48x40,Pails
823,EN6-T2A-0XY,Hydrogen Peroxide 6% ACS Grade - 36 x 5 Gallon Pails,Pallets_48x40,Pails
824,VC8-Z1L-KQH,Hydrogen Peroxide 6% ACS Grade - 4 x 5 Gallon Pails,Pallets_48x40,Pails
825,E7Z-Z5G-VA4,Hydrogen Peroxide 6% ACS Grade - 5 Gallon Pail,Pallets_48x40,Pails
826,3EB-MMH-2L8,Hydrogen Peroxide 6% Technical Grade - 36 x 5 Gallon Pails,Pallets_48x40,Pails
827,QK3-455-ZB6,Hydrogen Peroxide 6% Technical Grade - 4 x 5 Gallon Pails,Pallets_48x40,Pails
828,GDQ-H9U-H4D,Hydrogen Peroxide 6% Technical Grade - 5 Gallon Pail,Pallets_48x40,Pails
829,ZUX-WKJ-XE3,Isobutyl Alcohol 99% - 275 Gallon Tote,Totes,Totes
830,T6P-YKL-X8V,Isobutyl Alcohol 99% - 4 x 55 Gallon Drums,Pallets_48x40,Drums
831,66W-547-H3Z,Isobutyl Alcohol 99% ACS Grade - 5 Gallon Pail,Pallets_48x40,Pails
832,0Z4-X0K-V1M,Isobutyl Alcohol 99% ACS Grade - 55 Gallon Drum,Pallets_48x40,Drums
833,6J6-42S-RZA,Isopropyl Acetate 99.98% - 4 x 55 Gallon Drums,Pallets_48x40,Drums
834,7L-NI1C-GAV2,Isopropyl Acetate 99.98% - 5 Gallon Pail,Pallets_48x40,Pails
835,69-V3QY-M24L,Isopropyl Acetate 99.98% - 55 Gallon Drum,Pallets_48x40,Drums
836,TNZ-0M5-X9D,Isopropyl Acetate 99.98% ACS Grade - 5 Gallon Pail,Pallets_48x40,Pails
837,NLF-71N-K64,Isopropyl Acetate 99.98% ACS Grade - 55 Gallon Drum,Pallets_48x40,Drums
838,PT4-B0A-5QM,Isopropyl Alcohol - 53.5 Gallon Drum,Pallets_48x40,Drums
839,QCH-PZ5-ZTV,Isopropyl Alcohol 50% - 5 Gallon Pail,Pallets_48x40,Pails
840,WV-UA8G-2EPD,Isopropyl Alcohol 70% - 55 Gallon Drum,Pallets_48x40,Drums
841,UL-EKK0-S2S9,Isopropyl Alcohol 70% USP Grade - 275 Gallon Tote,Totes,Totes
842,RQN-987-AKU,Isopropyl Alcohol 70% USP Grade - 4 x 55 Gallon Drums,Pallets_48x40,Drums
843,B085DD1FKJ,Isopropyl Alcohol 70% USP Grade - 5 Gallon Pail,Pallets_48x40,Pails
844,B0A-S8G-6H2,Isopropyl Alcohol 90% - 55 Gallon Poly Drum,Pallets_48x40,Drums
845,7UM-HB4-Z69,Isopropyl Alcohol 91% - 275 Gallon Tote,Totes,Totes
846,SML-WNT-ZGS,Isopropyl Alcohol 91% - 4 x 55 Gallon Drums,Pallets_48x40,Drums
847,7D-CKLO-QOAI,Isopropyl Alcohol 91% - 5 Gallon Pail,Pallets_48x40,Pails
848,QCS-YIE-GJC,Isopropyl Alcohol 91% - 55 Gallon Drum,Pallets_48x40,Drums
849,SRW-A6C-FN1,Isopropyl Alcohol 99% - 275 Gallon Tote,Totes,Totes
850,EUZ-AXE-BFS,Isopropyl Alcohol 99% - 4 x 55 Gallon Drums,Pallets_48x40,Drums
851,WC-LNGA-XMK5,Isopropyl Alcohol 99% - 5 Gallon Pail,Pallets_48x40,Pails
852,CU-20UC-KITN,Isopropyl Alcohol 99% - 55 Gallon Drum,Pallets_48x40,Drums
853,WLJ-S3L-3FP,Isopropyl Alcohol 99.9% ACS Reagent Grade - 275 Gallon Tote,Totes,Totes
854,GCT-HU9-HJ6,Isopropyl Alcohol 99.9% ACS Reagent Grade - 4 x 55 Gallon Drums,Pallets_48x40,Drums
855,OQ-W4YW-UVB1,Isopropyl Alcohol 99.9% ACS Reagent Grade - 5 Gallon Pail,Pallets_48x40,Pails
856,ZX2-RS3-DK6,Isopropyl Alcohol 99.9% Semiconductor - 55 Gallon Drum,Pallets_48x40,Drums
857,BHX-BR9-F0Y,Isopropyl Alcohol 99.9% Semiconductor Grade - 5 Gallon Pail,Pallets_48x40,Pails
858,NT8-BZP-XMB,Isopropyl Alcohol Semiconductor - 55 Gallon Drum,Pallets_48x40,Drums
859,GHD-Q4L-6QT,Kerosene - 4 x 55 Gallon Drums,Pallets_48x40,Drums
860,YC-O4UI-8NAX,Kerosene - 5 Gallon Metal Pail,Pallets_48x40,Pails
861,P3-GHJN-K1BE,Kerosene - 55 Gallon Metal Drum,Pallets_48x40,Drums
862,S3K-VYE-48K,Lactic Acid 88% USP Grade - 275 Gallon Tote,Totes,Totes
863,83M-465-C22,Liquid Ammonium Sulfate 40% - 55 Gallon Drum,Pallets_48x40,Drums
864,71W-UZL-P90,"Lubricating Oil, Gear 80W90 - 55 Gallon Drum",Pallets_48x40,Drums
865,6T-FI5W-2Z18,Methanol - Technical Grade - 5 Gallon Pail,Pallets_48x40,Pails
866,SC-F5S9-GTSN,Methanol - Technical Grade - 55 Gallon Drum,Pallets_48x40,Drums
867,DGC-XZ5-944,Methanol ACS Reagent Grade - 4 x 55 Gallon Drums,Pallets_48x40,Drums
868,B9S- 742-QK5,Methanol ACS Reagent Grade - 5 Gallon Pail,Pallets_48x40,Pails
869,UCZ-VAP-OWV,Methanol ACS Reagent Grade - 55 Gallon Drum,Pallets_48x40,Drums
870,C72-6XB-ANG,Methanol Technical Grade - 4 x 55 Gallon Drums,Pallets_48x40,Drums
871,WEG- DCF- 6L7,Methyl Ethyl Ketone (MEK) - 275 Gallon Tote,Totes,Totes
872,QVK-KK5-PES,Methyl Ethyl Ketone (MEK) - 4 x 55 Gallon Drums,Pallets_48x40,Drums
873,AV-J2IL-QFQJ,Methyl Ethyl Ketone (MEK) - 5 Gallon Pail,Pallets_48x40,Pails
874,UZ-LOTH-HCSD,Methyl Ethyl Ketone (MEK) - 55 Gallon Drum,Pallets_48x40,Drums
875,LVX-KVH-NK0,Methyl Ethyl Ketone (MEK) ACS Grade - 5 Gallon Pail,Pallets_48x40,Pails
876,DBX-39U-3K1,Methyl Isobutyl Ketone (MIBK) ACS Grade - 36 x 5 Gallon Pails,Pallets_48x40,Pails
877,4VD-XM3-UFJ,Methyl Isobutyl Ketone (MIBK) ACS Grade - 4 x 5 Gallon Pails,Pallets_48x40,Pails
878,DUJ-THF-5AQ,Methyl Isobutyl Ketone (MIBK) ACS Grade - 4 x 55 Gallon Drums,Pallets_48x40,Drums
879,P3Q-4LM-6K8,Methyl Isobutyl Ketone (MIBK) ACS Grade - 5 Gallon Pail,Pallets_48x40,Pails
880,BVX-3ET-JE2,Methyl Isobutyl Ketone (MIBK) ACS Grade - 55 Gallon Drum,Pallets_48x40,Drums
881,RX1-05D-DK5,Methyl Isobutyl Ketone (MIBK) Technical Grade - 36 x 5 Gallon Pails on Pallet,Pallets_48x40,Pails
882,RXW-3YK-67L,Methyl Isobutyl Ketone (MIBK) Technical Grade - 4 x 5 Gallon Pails,Pallets_48x40,Pails
883,QNN-KYR-TTP,Methyl Isobutyl Ketone (MIBK) Technical Grade - 4 x 55 Gallon Drums,Pallets_48x40,Drums
884,UQV-WYL-73L,Methyl Isobutyl Ketone (MIBK) Technical Grade - 5 Gallon Pail,Pallets_48x40,Pails
885,7V3-7KW-371,Methyl Isobutyl Ketone (MIBK) Technical Grade - 55 Gallon Drum,Pallets_48x40,Drums
886,DM-TXX5-1OHW,Methyl n-Amyl Ketone (MAK) - 5 Gallon Pail,Pallets_48x40,Pails
887,J4-46GS-16EU,Methyl n-Amyl Ketone (MAK) - 55 Gallon Drum,Pallets_48x40,Drums
888,VVK-SPU-Z75,Methyl N-Amyl Ketone (MAK) ACS Grade - 4 x 55 Gallon Drums,Pallets_48x40,Drums
889,HCJ-9DM-W71,Methyl N-Amyl Ketone (MAK) ACS Grade - 5 Gallon Pail,Pallets_48x40,Pails
890,AWD-NBH-HLZ,Methyl N-Amyl Ketone (MAK) ACS Grade - 55 Gallon Drum,Pallets_48x40,Drums
891,VBB-UEN-9T3,Methyl n-Amyl Ketone (MNAK) - 4 x 55 Gallon Drums,Pallets_48x40,Drums
892,2RW-WFC-5G9,Methyl n-Propyl Ketone (MPK) - 4 x 55 Gallon Drums,Pallets_48x40,Drums
893,Y2-NKP5-E43A,Methyl n-Propyl Ketone (MPK) - 5 Gallon Pail,Pallets_48x40,Pails
894,TX-O1KN-K3AH,Methyl n-Propyl Ketone (MPK) - 55 Gallon Drum,Pallets_48x40,Drums
895,9DK-6EH-XJ6,Methyl n-Propyl Ketone (MPK) ACS - 4 x 55 Gallon Drums,Pallets_48x40,Drums
896,BK0-96T-6X7,Methyl n-Propyl Ketone (MPK) ACS - 5 Gallon Pail,Pallets_48x40,Pails
897,52B-E4Y-GXR,Methyl n-Propyl Ketone (MPK) ACS - 55 Gallon Drum,Pallets_48x40,Drums
898,W9W-MU4-GDB,Mineral Spirits Odorless - 5 Gallon Pail,Pallets_48x40,Pails
899,BVCE-PCWU-QVIP,Mineral Spirits Odorless - 55 Gallon Drum,Pallets_48x40,Drums
900,WXB-EUK-JBY,Mobil SHC 524 Hydraulic Fluid - 5 Gallon Pail,Pallets_48x40,Pails
901,8GV-5MZ-VV6,Mobil SHC 634 - 5 Gallon Pail,Pallets_48x40,Pails
902,HPG-PVH-GHJ,Mobil Vactra Oil No.2 - 55 Gallon Drum,Pallets_48x40,Drums
903,LNA-NQJ-VFG,Monoethanolamine - 5 Gallon Pail,Pallets_48x40,Pails
904,5BW-M6L-ZA2,Monoethanolamine (MEA) - 4 x 55 Gallon Drums,Pallets_48x40,Drums
905,LFN-GSO-SWH,Monoethanolamine (MEA) - 55 Gallon Drum,Pallets_48x40,Drums
906,TEL-8U2-WQ1,Monoethanolamine (MEA) ACS Grade - 275 Gallon Tote,Totes,Totes
907,UT5-WQ0-WQT,Monoethanolamine (MEA) ACS Grade - 4 x 5 Gallon Pails,Pallets_48x40,Pails
908,ZEH-CG2-87G,Monoethanolamine (MEA) ACS Grade - 4 x 55 Gallon Drums,Pallets_48x40,Drums
909,YUX-8T5-NJQ,Monoethanolamine (MEA) ACS Grade - 5 Gallon Pail,Pallets_48x40,Pails
910,D6S-7HD-EC5,Monoethanolamine (MEA) ACS Grade - 55 Gallon Drum,Pallets_48x40,Drums
911,SN7-GUQ-2QB,N-Butyl Acetate - 275 Gallon IBC Tote,Totes,Totes
912,NTK-CSY-G76,N-Butyl Acetate - 4 x 55 Gallon Drums,Pallets_48x40,Drums
913,KB-BDRD-9AF5,N-Butyl Acetate - 5 Gallon Pail,Pallets_48x40,Pails
914,6L-29UX-8A0I,N-Butyl Acetate - 55 Gallon Drum,Pallets_48x40,Drums
915,LMM-BAC-W38,N-Butyl Alcohol - 4 x 55 Gallon Drums,Pallets_48x40,Drums
916,3B-4Q04-S4E8,N-Butyl Alcohol - 5 Gallon Metal Pail,Pallets_48x40,Pails
917,P7-S9T7-YDOO,N-Butyl Alcohol - 55 Gallon Drum,Pallets_48x40,Drums
918,ZPR-LKW-BQ3,n-Heptane 99% ACS - 4 x 55 Gallon Drums,Pallets_48x40,Drums
919,GAD-2UR-6CR,n-Heptane 99% ACS - 5 Gallon Pail,Pallets_48x40,Pails
920,JHM-2R2-Z49,n-Heptane 99% ACS - 55 Gallon Drum,Pallets_48x40,Drums
921,UU7-TMB-P6X,n-Heptane 99% Technical - 4 x 5 Gallon Pails,Pallets_48x40,Pails
922,D3U-0RU-YU0,n-Heptane 99% Technical - 4 x 55 Gallon Drums,Pallets_48x40,Drums
923,B8Y-WNW-ZJW,n-Heptane 99% Technical - 5 Gallon Pail,Pallets_48x40,Pails
924,QQC-PWR-RY1,n-Heptane 99% Technical - 55 Gallon Drum,Pallets_48x40,Drums
925,5YH-BDR-MFH,Nitric Acid 10% - 55 Gallon Drum,Pallets_48x40,Drums
926,A3W-371-2Q4,Nitric Acid 20% - 55 Gallon Drum,Pallets_48x40,Drums
927,5IX-PCU-2HV,Nitric Acid 25% - 55 Gallon Drum,Pallets_48x40,Drums
928,RG5-DR5-JN6,Nitric Acid 40% -  55 Gallon Drum,Pallets_48x40,Drums
929,AMI-7E3-8B2,Nitric Acid 5% - 55 Gallon Drums,Pallets_48x40,Drums
930,HNW-8FH-TC3,Nitric Acid 65% - 4 x 55 Gallon Drums,Pallets_48x40,Drums
931,XT-TNEN-1FWY,Nitric Acid 65% ACS Grade - 55 Gallon SST Drum,Pallets_48x40,Drums
932,GPN-PW1-UJ8,Nitric Acid 65% Technical Grade - 176 LB SST Carboy Drum,Pallets_48x40,Drums
933,ZTD-3R5-VA0,Nitric Acid 65% Technical Grade - 5 Gallon SST Pail,Pallets_48x40,Pails
934,PQB-E7N-HYX,Nitric Acid 65% Technical Grade - 55 Gallon SST Drum,Pallets_48x40,Drums
935,BR5-6CF-4E7,Nitric Acid 65% Technical Grade - 600 LB SST DRUM,Pallets_48x40,Drums
936,CSW-9CK-P2M,Nitric Acid 67% Tech Grade - 55 Gallon Drum,Pallets_48x40,Drums
937,V35-P58-6W7,Nitric Acid 70% ACS Grade - Low Particle - 220 Gallons (4 x 55 Gallon Drums),Pallets_48x40,Drums
938,LPB-039-JRM,Nitric Acid 70% ACS Grade - Low Particle - 55 Gallon Drum,Pallets_48x40,Drums
939,HAZ-ADC-3D6,Nitric Acid ACS 69% ACS Grade - 55 Gallon Drum,Pallets_48x40,Drums
940,R9-KOR9-27NV,N-Propyl Alcohol (N-Propanol) - 5 Gallon Pail,Pallets_48x40,Pails
941,LNE-J9R-72S,n-Propyl Alcohol ACS Grade - 275 Gallon Tote,Totes,Totes
942,Q8R-B5C-T55,n-Propyl Alcohol ACS Grade - 4 x 55 Gallon Drums,Pallets_48x40,Drums
943,YN7-YLS-WMA,n-Propyl Alcohol ACS Grade - 5 Gallon Pail,Pallets_48x40,Pails
944,QPJ-B43-LVZ,n-Propyl Alcohol ACS Grade - 55 Gallon Drum,Pallets_48x40,Drums
945,DD-6LKU-OJDR,Perchloroethylene - 55 Gallon Drum,Pallets_48x40,Drums
946,YA5-RUE-BM8,"Perchloroethylene (PCE, PERC) - 4 x 55 Gallon Drums",Pallets_48x40,Drums
947,Q2L-H4M-SZ7,Perchloroethylene ACS Grade - 5 Gallon Pail,Pallets_48x40,Pails
948,8BA-4WG-T82,Perchloroethylene ACS Grade - 55 Gallon Drum,Pallets_48x40,Drums
949,UM-LFBH-WAD4,Perchloroethylene Technical Grade - 5 Gallon Metal Pail,Pallets_48x40,Pails
950,M62-ZU2-XBJ,Petroleum Ether ACS Reagent Grade - 4 x 55 Gallon Drums,Pallets_48x40,Drums
951,AFW-2JE-N7T,Petroleum Ether ACS Reagent Grade - 5 Gallon Pail,Pallets_48x40,Pails
952,D4Y-2W3-3YS,Petroleum Ether Technical Grade - 4 x 5 Gallon Pails,Pallets_48x40,Pails
953,YYA-Y62-XXX,Petroleum Ether Technical Grade - 4 x 55 Gallon Drums,Pallets_48x40,Drums
954,REW-53W-0EW,Petroleum Ether Technical Grade - 5 Gallon Pail,Pallets_48x40,Pails
955,W5J-MQ2-US1,Petroleum Ether Technical Grade - 55 Gallon Drum,Pallets_48x40,Drums
956,V9M-S4R-V3U,Phosphoric Acid 30% - 5 Gallon Pail,Pallets_48x40,Pails
957,4NL-U7K-3VH,Phosphoric Acid 30% - 55 Gallon Drum,Pallets_48x40,Drums
958,E6-TR4O-ZUNU,Phosphoric Acid 75% - 275 Gallon IBC Tote - Tech Grade,Totes,Totes
959,EDY-ZC5-86U,Phosphoric Acid 75% - 4 x 55 Gallon Drums,Pallets_48x40,Drums
960,U4V-W5X-Y6Z,Phosphoric Acid 75% ACS Grade - 275 Gallon Tote,Totes,Totes
961,7A8-B9C-0DE,Phosphoric Acid 75% ACS Grade - 36 x 5 Gallon Pail,Pallets_48x40,Pails
962,X2Y-Z3A-B4C,Phosphoric Acid 75% ACS Grade - 4 x 5 Gallon Pails,Pallets_48x40,Pails
963,O1P-Q2R-S3T,Phosphoric Acid 75% ACS Grade - 4 x 55 Gallon Drums,Pallets_48x40,Drums
964,R9S-T0U-V1W,Phosphoric Acid 75% ACS Grade - 5 Gallon Pail,Pallets_48x40,Pails
965,I8J-K9L-M0N,Phosphoric Acid 75% ACS Grade - 55 Gallon Drum,Pallets_48x40,Drums
966,VV-A5IN-JLM7,Phosphoric Acid 75% Tech Grade - 55 Gallon Drum,Pallets_48x40,Drums
967,RN9-JG9-DNG,Phosphoric Acid 75% USP Food Grade - 275 Gallon Tote,Totes,Totes
968,XME-T8T-0Q5,Phosphoric Acid 75% USP Food Grade - 36 x 5 Gallon Pails,Pallets_48x40,Pails
969,ZNW-NM0-BVX,Phosphoric Acid 75% USP Food Grade - 4 x 5 Gallon Pails,Pallets_48x40,Pails
970,CS7-BAB-R7P,Phosphoric Acid 75% USP Food Grade - 4 x 55 Gallon Drums,Pallets_48x40,Drums
971,Z8A-X6P-7AH,Phosphoric Acid 75% USP Food Grade - 5 Gallon Pail,Pallets_48x40,Pails
972,ZYU-5RT-CZA,Phosphoric Acid 75% USP Food Grade - 55 Gallon Drum,Pallets_48x40,Drums
973,DMK-ELJ-3S5,Phosphoric Acid 85% ACS Grade - 4 x 55 Gallon Drums,Pallets_48x40,Drums
974,LC9-X8U-WB5,Phosphoric Acid 85% ACS Grade - 55 Gallon Drum,Pallets_48x40,Drums
975,PP-U9YE-ZPZ2,Phosphoric Acid 85% Technical Grade - 5 Gallon Pail,Pallets_48x40,Pails
976,5U-6G8F-2RDJ,Phosphoric Acid 85% Technical Grade - 55 Gallon Drum,Pallets_48x40,Drums
977,GUV-G57-6PQ,Phosphoric Acid 85% USP Food Grade - 4 x 55 Gallon Drums,Pallets_48x40,Drums
978,BH-AVVJ-E665,Phosphoric Acid 85% USP Food Grade - 5 Gallon Pail,Pallets_48x40,Pails
979,N7-LISE-OQTZ,Phosphoric Acid 85% USP Food Grade - 55 Gallon Drum,Pallets_48x40,Drums
980,YUD-Y4D-WAC,pH-Ree Fall - 275 Gallon Tote,Totes,Totes
981,8C-82EB--GK9AC5O8DE,pH-Ree Fall Liquid - 5 Gallon Pail,Pallets_48x40,Pails
982,CQB-NUB-OTA,Polyethylene Glycol (PEG) 200 - 55 Gallon Drum,Pallets_48x40,Drums
983,LHO-ZRO-AEO,Polyethylene Glycol 200 - 15 Gallon Drum,Pallets_48x40,Drums
984,JKJ-J5N-9KW,Polyethylene Glycol 200 (PEG) - 4 x 55 Gallon Drums,Pallets_48x40,Drums
985,  YHS-EAX-SEF,Potassium Hydroxide Technical (Lump Form) - 100 LB Open Head Metal Drum,Pallets_48x40,Drums
986, F0S-0HF-XS2,Propylene Glycol 35% - 55 Gallon Drum,Pallets_48x40,Drums
987,9LS-2SJ-5QI,Propylene Glycol Inhibited - ACS Grade - 275 Gallon Tote,Totes,Totes
988,0OK-BKC-K0W,Propylene Glycol Inhibited - ACS Grade - 36 x 5 Gallon Pail,Pallets_48x40,Pails
989,57D-T78-4I1,Propylene Glycol Inhibited - ACS Grade - 4 x 5 Gallon Pails,Pallets_48x40,Pails
990,KW8-QGD-KS8,Propylene Glycol Inhibited - ACS Grade - 4 x 55 Gallon Drums,Pallets_48x40,Drums
991,K3I-389-5EU,Propylene Glycol Inhibited - ACS Grade - 5 Gallon Pail,Pallets_48x40,Pails
992,LAO-PPR-LMT,Propylene Glycol Inhibited - ACS Grade - 55 Gallon Drum,Pallets_48x40,Drums
993,B0BZG578GC,Propylene Glycol Technical Grade - 15 Gallon Drum,Pallets_48x40,Drums
994,W5Q-DJF-PRM,Propylene Glycol Technical Grade - 220 Gallons (4 x 55 Gallon Drums),Pallets_48x40,Drums
995,HDK-ME7-5CS,Propylene Glycol Technical Grade - 5 Gallon Pail,Pallets_48x40,Pails
996,TGM-4CB-3GR,Propylene Glycol Technical Grade - 55 Gallon Drum,Pallets_48x40,Drums
997,6N-LA9F-WYZ7,Propylene Glycol USP Grade - 15 Gallon Drum,Pallets_48x40,Drums
998,T3-HLDS-84SG,Propylene Glycol USP Grade - 275 Gallon Tote,Totes,Totes
999,43A-3UP-8FL,Propylene Glycol USP Grade - 4 x 55 Gallon Drums,Pallets_48x40,Drums
1000,XW-16JK-LZHG,Propylene Glycol USP Grade - 5 Gallon Pail,Pallets_48x40,Pails
1001,W2-YYE5-XFZF,Propylene Glycol USP Grade - 55 Gallon Drum,Pallets_48x40,Drums
1002,PGTI-ZLNT-LBGV,Rust Inhibitor 56 - 5 Gallon Pail,Pallets_48x40,Pails
1003,N8P-8NC-5QU,Sa78 DH Thinner Blend - 55 Gallon Drum,Pallets_48x40,Drums
1004,2YR-S55-7YY,Siphon Drum Pump,Pallets_48x40,Drums
1005,QZ-EPB8-WHYH,Sodium Bisulfite 40% - 5 Gallon Pail,Pallets_48x40,Pails
1006,CV-93SI-VQNK,Sodium Bisulfite 40% - 55 Gallon Drum,Pallets_48x40,Drums
1007,MAE-4QS-E6S,Sodium Bisulfite 40% ACS Grade - 5 Gallon Pail,Pallets_48x40,Pails
1008,YZ8-5Z3-WQ1,Sodium Bisulfite 40% ACS Grade - 55 Gallon Drum,Pallets_48x40,Drums
1009,PKJ-BZC-JCL,Sodium Carbonate Anhydrous -25 LB Drum,Pallets_48x40,Drums
1010,H8J-02M-DVQ,Sodium Chlorite 25% - 275 Gallon Tote,Totes,Totes
1011,GU5-5Z2-GL7,Sodium Chlorite Flakes 80% - 100LB Drum,Pallets_48x40,Drums
1012,AXG-AJC-SFI,Sodium Dichromate Dihydrate  - 100 LB Drum,Pallets_48x40,Drums
1013,7NU-RAV-TQ9,Sodium Hydroxide 25% - 275 Gallon Tote Tank,Totes,Totes
1014,J9X-GLU-0KC,Sodium Hydroxide 25% - 300 Gallon Tote Tank,Totes,Totes
1015,B8E-3NP-6SP,Sodium Hydroxide 25% - 5 Gallon Pail,Pallets_48x40,Pails
1016,1YB-Y88-V5H,Sodium Hydroxide 25% ACS Grade - 275 Gallon Tote,Totes,Totes
1017,5K9-CMM-RSH,Sodium Hydroxide 25% ACS Grade - 36 x 5 Gallon Pails,Pallets_48x40,Pails
1018,BK2-ZQU-HRE,Sodium Hydroxide 25% ACS Grade - 4 x 5 Gallon Pails,Pallets_48x40,Pails
1019,H3B-0SR-CZC,Sodium Hydroxide 25% ACS Grade - 4 x 55 Gallon Drums,Pallets_48x40,Drums
1020,6ZC-YGB-KQM,Sodium Hydroxide 25% ACS Grade - 5 Gallon Poly Pail,Pallets_48x40,Pails
1021,6VJ-LG2-MY5,Sodium Hydroxide 25% ACS Grade - 55 Gallon Drum,Pallets_48x40,Drums
1022,FR8-0NM-1TK,Sodium Hydroxide 25% Solution - 275 Gallon Tote,Totes,Totes
1023,W69-N2L-H7B,Sodium Hydroxide 25% Solution - 36 x 5 Gallon Pails,Pallets_48x40,Pails
1024,3AR-BMU-UMK,Sodium Hydroxide 25% Solution - 4 x 5 Gallon Pails,Pallets_48x40,Pails
1025,77H-DTN-N9J,Sodium Hydroxide 25% Solution - 4 x 55 Gallon Drums,Pallets_48x40,Drums
1026,9WJ-NK4-ACG,Sodium Hydroxide 25% Solution - 55 Gallon Drum,Pallets_48x40,Drums
1027,IDH-UWO-HEG,Sodium Hydroxide 50% - 15 Gallon Drum,Pallets_48x40,Drums
1028,Y2D-F7L-H9Q,Sodium Hydroxide 50% - 275 Gallon Tote,Totes,Totes
1029,4MF-7GT-M8M,Sodium Hydroxide 50% - 275 Gallon Tote Tank,Totes,Totes
1030,  Y2D-F7L-H9Q,Sodium Hydroxide 50% - 275 GL Tote,Totes,Totes
1032,BM-TNEN-1FTW,Sodium Hydroxide 50% - 55 Gallon Drum,Pallets_48x40,Drums
1033,46U-509-NZE,Sodium Hydroxide 50% - 680 LB Poly Drum,Pallets_48x40,Drums
1034,SE8-CCT-SFB,"Sodium Hydroxide 50% (Caustic Soda, Lye) - 4 x 55 Gallon Drums",Pallets_48x40,Drums
1035,YM9-ECP-9P9,Sodium Hydroxide 50% Solution ACS Grade - 4 x 55 Gallon Drums,Pallets_48x40,Drums
1036,2TC-YYE-TXK,Sodium Hypochlorite 10% - 55 Gallon Drum,Pallets_48x40,Drums
1037,7F3-KKU-MBM,Sodium Hypochlorite 12.5% - 15 Gallon Drum,Pallets_48x40,Drums
1038,MT-9NDT-CTBE,Sodium Hypochlorite 12.5% - 275 Gallon IBC Tote,Totes,Totes
1039,8HM-6BK-HTG,Sodium Hypochlorite 12.5% - 4 x 55 Gallon Drums,Pallets_48x40,Drums
1040,1N-BMY1-7NF6,Sodium Hypochlorite 12.5% - 5 Gallon Pail,Pallets_48x40,Pails
1041,N0V-J2G-GG1,Sodium Hypochlorite 5.25% - 4 x 55 Gallon Drums,Pallets_48x40,Drums
1042,B7-CO3H-YQZK,Sodium Hypochlorite 5.25% - 5 Gallon Pail,Pallets_48x40,Pails
1043,VYC-9Z8-DZM,"Sodium Phosphate, Tribasic, Dodecahydrate, Technical Grade - 25 Lbs Metal Drum",Pallets_48x40,Drums
1044,S3Q-7R8-49N,Sulfuric Acid 30% - 4 x 55 Gallon Drums,Pallets_48x40,Drums
1045,V6A-9JM-JER,Sulfuric Acid 30% - 55 Gallon Drum,Pallets_48x40,Drums
1046,Z0C-3BF-955,Sulfuric Acid 37% Electrolyte Grade - 275 Gallon Tote,Totes,Totes
1047,VTP-943-PX8,Sulfuric Acid 37% Electrolyte Grade - 5 Gallon Pail,Pallets_48x40,Pails
1048,SFZ-1M2-4A0,Sulfuric Acid 50% Electrolyte Grade - 275 Gallon Tote,Totes,Totes
1049,ZW2-3YU-BWN,Sulfuric Acid 70% - 220 Gallons - 4 x 55 Gallon Drums,Pallets_48x40,Drums
1050,KJ5-UDH-6SA,Sulfuric Acid 93% - 6.5 Gallon Poly Drum,Pallets_48x40,Drums
1051,3C3-Q2I-V56,Sulfuric Acid 93% - Technical Grade - 55 Gallon Drum,Pallets_48x40,Drums
1052,LG8-FR3-BAC,Sulfuric Acid 93% Technical Grade - 275 Gallon Tote,Totes,Totes
1053,9UE-4HN-FDA,Sulfuric Acid 93% Technical Grade - 4 x 55 Gallon Drums,Pallets_48x40,Drums
1054,PYF-EZM-P8X,Sulfuric Acid 96% ACS Grade - 4 x 55 Gallon Drums,Pallets_48x40,Drums
1055,OVK-DMP-FMO,Sulfuric Acid 96% ACS Grade - 55 Gallon Drum,Pallets_48x40,Drums
1056,MCV-ASW-DFV,Sulfuric Acid 96% ACS Reagent Grade - 15 Gallon Drum,Pallets_48x40,Drums
1057,64P-F77-6P9,Tert Butyl Acetate (TBA) - 4 x 55 Gallon Drums,Pallets_48x40,Drums
1058,RY-9B8O-1H5F,Tert Butyl Acetate (TBA) - 5 Gallon Pail,Pallets_48x40,Pails
1059,5E-ZV11-8WD7,Tert Butyl Acetate (TBA) - 55  Gallon  Drum,Pallets_48x40,Drums
1060,NC5-4MY-4DN,Toluene - 4 x 55 Gallon Drums,Pallets_48x40,Drums
1061,I0-D7AM-86A4,Toluene - 5 Gallon Pail,Pallets_48x40,Pails
1062,DH-ICRJ-A2G1,Toluene - 55 Gallon Drum,Pallets_48x40,Drums
1063,JV-YUAY-W0WY,Trichloroethylene - 55 Gallon Drum,Pallets_48x40,Drums
1064,YYA-LSQ-4U6,Trichloroethylene (TCE) - 4 x 55 Gallon Drums,Pallets_48x40,Drums
1065,OUS-JJI-ZXB,Trichloroethylene (TCE) - 5 Gallon Pail,Pallets_48x40,Pails
1066,M1N-2OP-3QR,Trichloroethylene (TCE) ACS Grade - 180 Gallons (36 x 5 Gallon Pails),Pallets_48x40,Pails
1067,N2O-3PQ-4RS,Trichloroethylene (TCE) ACS Grade - 20 Gallons (4 x 5 Gallon Pails),Pallets_48x40,Pails
1068,T5U-6VW-7XY,Trichloroethylene (TCE) ACS Grade - 220 Gallons (4 x 55 Gallon Drums),Pallets_48x40,Drums
1069,H9I-0JK-1LM,Trichloroethylene (TCE) ACS Grade - 5 Gallon Pail,Pallets_48x40,Pails
1070,Z8A-9BC-0DE,Trichloroethylene (TCE) ACS Grade - 55 Gallon Drum,Pallets_48x40,Drums
1071,MVQ-4FG-37K,Trisodium EDTA - 25 LB Fiber Drum,Pallets_48x40,Drums
1072,VMY-4UG-QA3,Vinegar 50% - 4 x 55 Gallon Drums,Pallets_48x40,Drums
1073,M77-88V-2UH,Vinegar 75% ACS Grade - 180 Gallon Pallet in 36 x 5 Gallon Pails,Pallets_48x40,Pails
1074,ZOX-JW3-RSM,Vinegar 75% ACS Grade - 275 Gallon Tote,Totes,Totes
1075,VTJ-515-CE5,Vinegar 75% ACS Grade - 4 x 5 Gallon Pails,Pallets_48x40,Pails
1076,TH7-ERA-BHQ,Vinegar 75% ACS Grade - 4 x 55 Gallon Drums,Pallets_48x40,Drums
1077,M1G-9XQ-Q4C,Vinegar 75% ACS Grade - 5 Gallon Pail,Pallets_48x40,Pails
1078,E1K-YUQ-RZU,Vinegar 75% ACS Grade - 55 Gallon Drum,Pallets_48x40,Drums
1079,F97-9R8-MZ7,VM&amp;P Naphtha - 275 Gallon Tote,Totes,Totes
1080,D28-Z0H-QTV,VM&amp;P Naphtha - 4 x 55 Gallon Drums,Pallets_48x40,Drums
1081,GJF-KKV-ZUQ,VM&amp;P Naphtha - 5 Gallon Pail,Pallets_48x40,Pails
1082,DSC-A9X-1WN,VM&amp;P Naphtha - 55 Gallon Drum,Pallets_48x40,Drums
1083,3ME-EM6-VBJ,Xylene - 4 x 55 Gallon Drums,Pallets_48x40,Drums
1084,7N-U0Q6-FXGW,Xylene - 5 Gallon Pail,Pallets_48x40,Pails
1085,GM-YVQ3-PD14,Xylene - 55 Gallon Drum,Pallets_48x40,Drums
1086,WAY-Y71-CWD,Xylene ACS Grade - 5 Gallon Pail,Pallets_48x40,Pails
1087,Z5-0RHW-GR1K,Sodium Hypochlorite 5.25% - 55 Gallon,Pallets_48x40,Drums
